X,Y,FFMC,DMC,DC,ISI,temp,RH,wind,rain,month_aug,month_dec,month_feb,month_jan,month_jul,month_jun,month_mar,month_may,month_nov,month_oct,month_sep,day_mon,day_sat,day_sun,day_thu,day_tue,day_wed,log_area
7,5,-0.805959472,-1.323325569,-1.830476763,-0.860945568,-1.842640147,0.411724347,1.498614417,-0.07326831,0,0,0,0,0,0,1,0,0,0,0,0,0,0,0,0,0,0
7,4,-0.008102034,-1.179540772,0.488890915,-0.509688269,-0.153278265,-0.69245628,-1.741755637,-0.07326831,0,0,0,0,0,0,0,0,0,1,0,0,0,0,0,1,0,0
7,4,-0.008102034,-1.04982188,0.560715454,-0.509688269,-0.739383408,-0.69245628,-1.51828184,-0.07326831,0,0,0,0,0,0,0,0,0,1,0,0,1,0,0,0,0,0
8,6,0.191362326,-1.212361215,-1.898266215,-0.004755902,-1.82540176,3.233519283,-0.009833712,0.603155191,0,0,0,0,0,0,1,0,0,0,0,0,0,0,0,0,0,0
8,6,-0.243832641,-0.931043135,-1.79859958,0.126965586,-1.291011777,3.35620602,-1.238939594,-0.07326831,0,0,0,0,0,0,1,0,0,0,0,0,0,1,0,0,0,0
8,6,0.300161067,-0.399664539,-0.241863237,1.246598226,0.57073397,-0.937829753,0.772324577,-0.07326831,1,0,0,0,0,0,0,0,0,0,0,0,0,1,0,0,0,0
8,6,0.300161067,-0.343400923,-0.21119658,-0.114523807,0.898263315,-1.060516489,-0.512649754,-0.07326831,1,0,0,0,0,0,0,0,0,0,0,1,0,0,0,0,0,0
8,6,0.155096078,0.539625272,0.243154152,0.368454979,-1.87711692,2.558742233,-1.015465797,-0.07326831,1,0,0,0,0,0,0,0,0,0,0,1,0,0,0,0,0,0
8,6,0.06443046,0.291127635,0.583715446,-0.443827525,-0.997959206,1.147844765,0.772324577,-0.07326831,0,0,0,0,0,0,0,0,0,0,1,0,0,0,0,1,0,0
7,5,0.336427315,-0.357466827,0.607925965,-0.421873944,0.674164289,-0.263052703,-0.009833712,-0.07326831,0,0,0,0,0,0,0,0,0,0,1,0,1,0,0,0,0,0
7,5,0.336427315,-0.357466827,0.607925965,-0.421873944,-0.187755038,0.411724347,1.777956663,-0.07326831,0,0,0,0,0,0,0,0,0,0,1,0,1,0,0,0,0,0
7,5,0.390826685,-0.588772804,0.66603121,2.980931139,0.07082076,-0.385739439,-0.009833712,-0.07326831,0,0,0,0,0,0,0,0,0,0,1,0,1,0,0,0,0,0
6,5,-4.92217853,-0.626281882,0.473557587,-1.804949559,-0.32566213,1.699935079,1.498614417,-0.07326831,1,0,0,0,0,0,0,0,0,0,0,0,0,0,0,0,0,0
6,5,0.046297337,0.244241288,0.559101419,-0.443827525,0.415588491,-0.140365966,-1.015465797,-0.07326831,0,0,0,0,0,0,0,0,0,0,1,1,0,0,0,0,0,0
6,5,0.408959809,0.350517007,0.611961051,0.039151261,1.294746205,-1.428576698,0.269508534,-0.07326831,0,0,0,0,0,0,0,0,0,0,1,0,0,0,0,0,1,0
6,5,0.481492303,0.473984387,0.669662787,1.070969576,0.691402676,-0.01767923,0.772324577,-0.07326831,0,0,0,0,0,0,0,0,0,0,1,0,0,0,0,0,0,0
5,5,0.191362326,-1.173289259,-1.88495043,-0.268198876,-0.653191475,-1.060516489,0.772324577,-0.07326831,0,0,0,0,0,0,1,0,0,0,0,0,1,0,0,0,0,0
8,5,-1.041690079,-1.220175606,0.469118992,-1.321970773,-0.37737729,0.166350875,0.492982331,-0.07326831,0,0,0,0,0,0,0,0,0,1,0,1,0,0,0,0,0,0
6,4,-0.261965764,-1.296756639,-1.925301294,-0.597502594,-0.515284382,-0.569769543,-0.009833712,-0.07326831,0,0,0,0,0,0,1,0,0,0,0,0,0,0,0,0,1,0
6,4,-0.787826349,-1.30457103,-1.819178521,-0.860945568,-1.653017895,-0.01767923,0.269508534,-0.07326831,0,0,0,0,0,0,0,0,0,0,0,0,1,0,0,0,0,0
6,4,0.06443046,0.291127635,0.583715446,-0.443827525,-0.101563105,-0.263052703,-0.736123551,-0.07326831,0,0,0,0,0,0,0,0,0,0,1,0,0,0,0,1,0,0
5,4,0.209495449,-0.505940259,0.711627686,0.039151261,0.036343987,-0.385739439,-0.736123551,-0.07326831,0,0,0,0,0,0,0,0,0,0,1,1,0,0,0,0,0,0
7,4,0.662823539,-0.227747935,-1.403968128,10.33538084,0.363873332,-0.01767923,0.269508534,-0.07326831,0,0,0,0,0,1,0,0,0,0,0,0,0,1,0,0,0,0
7,4,-0.080634528,0.000432285,-0.042529967,-0.619456175,0.105297533,-0.079022598,0.995798374,-0.07326831,1,0,0,0,0,0,0,0,0,0,0,0,1,0,0,0,0,0
7,4,0.517758551,0.445852579,0.186662942,2.475998772,0.829309768,-0.753799648,0.995798374,-0.07326831,1,0,0,0,0,0,0,0,0,0,0,0,1,0,0,0,0,0
7,4,0.136962955,0.492738925,0.215715564,0.346501397,-0.446330836,0.963814661,0.772324577,-0.07326831,1,0,0,0,0,0,0,0,0,0,0,0,0,1,0,0,0,0
7,4,0.318294191,0.109833761,0.48445232,0.697758696,0.019105601,-0.631112912,0.995798374,-0.07326831,0,0,0,0,0,0,0,0,0,0,1,0,0,0,0,0,0,0
7,4,0.046297337,0.244241288,0.559101419,-0.443827525,0.088059147,0.227694243,-1.51828184,-0.07326831,0,0,0,0,0,0,0,0,0,0,1,1,0,0,0,0,0,0
6,3,0.499625427,0.539625272,0.699925936,-0.202338132,1.949804894,-1.244546593,-0.736123551,-0.07326831,0,0,0,0,0,0,0,0,0,0,1,0,1,0,0,0,0,0
6,3,0.517758551,0.600577523,0.728978558,-0.202338132,0.674164289,-0.324396071,-0.233307508,-0.07326831,0,0,0,0,0,0,0,0,0,0,1,0,0,1,0,0,0,0
6,3,0.662823539,-0.402790296,0.582504921,1.5100412,1.12236234,-1.244546593,-0.233307508,-0.07326831,0,0,0,0,0,0,0,0,0,0,1,0,0,0,0,0,0,0
6,3,-0.370764506,-0.298077455,0.653522442,-0.421873944,-1.32548855,2.067995288,2.00143046,-0.07326831,0,0,0,0,0,0,0,0,0,0,1,1,0,0,0,0,0,0
6,3,-0.370764506,-0.643473542,0.641013674,-0.707270499,0.294919785,-0.447082807,-1.238939594,-0.07326831,0,0,0,0,0,0,0,0,0,0,1,0,0,0,0,0,0,0
6,3,0.191362326,-0.551263727,0.687417168,-0.268198876,-0.204993425,-0.324396071,-0.233307508,-0.07326831,0,0,0,0,0,0,0,0,0,0,1,0,0,1,0,0,0,0
6,3,0.209495449,-0.505940259,0.711627686,0.039151261,0.398350105,-0.753799648,-0.736123551,-0.07326831,0,0,0,0,0,0,0,0,0,0,1,1,0,0,0,0,0,0
6,3,-0.062501405,-0.471556938,0.735434696,-0.597502594,-0.118801492,1.086501397,0.269508534,-0.07326831,0,0,0,0,0,0,0,0,0,0,1,0,0,0,0,1,0,0
6,3,-0.008102034,-1.179540772,0.488890915,-0.509688269,0.484542037,-1.244546593,0.269508534,-0.07326831,0,0,0,0,0,0,0,0,0,1,0,0,0,0,0,1,0,0
7,4,-0.116900776,-1.084205201,0.543364582,-0.070616645,-1.308250164,0.963814661,0.772324577,-0.07326831,0,0,0,0,0,0,0,0,0,1,0,0,0,0,0,0,0,0
7,3,-0.008102034,-1.04982188,0.560715454,-0.509688269,-0.187755038,-1.060516489,-0.009833712,-0.07326831,0,0,0,0,0,0,0,0,0,1,0,0,1,0,0,0,0,0
4,4,-0.461430124,-1.33113996,-1.938213571,-1.146342123,-0.82557534,-0.079022598,-0.736123551,-0.07326831,0,0,0,0,0,0,1,0,0,0,0,0,0,0,0,1,0,0
4,4,-2.020878754,-0.78569546,-0.73131922,-1.65127449,0.760356222,-0.447082807,-0.512649754,-0.07326831,0,0,0,0,1,0,0,0,0,0,0,0,0,0,0,1,0,0
4,4,-0.080634528,-0.218370666,0.307715535,-0.026709483,-0.084324719,-0.140365966,1.498614417,-0.07326831,1,0,0,0,0,0,0,0,0,0,0,0,1,0,0,0,0,0
4,4,0.753489157,-0.040202548,0.400119014,1.751530593,-0.394615677,0.595754452,0.772324577,-0.07326831,1,0,0,0,0,0,0,0,0,0,0,0,0,0,0,1,0,0
4,4,0.336427315,-0.357466827,0.607925965,-0.421873944,0.12253592,0.227694243,-0.736123551,-0.07326831,0,0,0,0,0,0,0,0,0,0,1,0,1,0,0,0,0,0
4,4,-0.098767652,-0.437173617,0.757627671,-0.619456175,-1.032435979,1.822621815,0.492982331,-0.07326831,0,0,0,0,0,0,0,0,0,0,1,0,0,0,0,0,1,0
5,6,0.662823539,-0.402790296,0.582504921,1.5100412,1.208554272,-1.244546593,-0.009833712,-0.07326831,0,0,0,0,0,0,0,0,0,0,1,0,0,0,0,0,1,0
5,6,0.046297337,0.244241288,0.559101419,-0.443827525,-0.722145021,1.577248343,-0.233307508,-0.07326831,0,0,0,0,0,0,0,0,0,0,1,1,0,0,0,0,0,0
6,6,0.644690416,-0.759126531,-0.423845634,0.434315722,0.708641063,-0.508426175,-0.512649754,-0.07326831,0,0,0,0,1,0,0,0,0,0,0,1,0,0,0,0,0,0
4,4,-0.624628236,-1.359271768,-1.949915321,-1.08048138,-1.222058231,-0.569769543,-1.238939594,-0.07326831,0,0,0,0,0,0,1,0,0,0,0,1,0,0,0,0,0,0
4,4,-0.552095742,-0.916977231,-1.792143442,-0.882899149,-1.359965323,0.105007506,0.995798374,-0.07326831,0,0,0,0,0,0,1,0,0,0,0,1,0,0,0,0,0,0
4,4,0.408959809,0.408343501,0.639399639,0.039151261,0.329396558,-1.673950171,-1.51828184,-0.07326831,0,0,0,0,0,0,0,0,0,0,1,0,0,0,1,0,0,0
4,3,-0.080634528,-0.176172954,0.33596114,-0.597502594,0.450065264,-0.631112912,-1.015465797,-0.07326831,1,0,0,0,0,0,0,0,0,0,0,0,0,1,0,0,0,0
4,3,0.26389482,0.00512092,0.428364619,0.126965586,0.260443012,-0.140365966,0.492982331,-0.07326831,1,0,0,0,0,0,0,0,0,0,0,0,0,0,0,0,1,0
4,3,0.26389482,0.00512092,0.428364619,0.126965586,0.260443012,-0.140365966,0.492982331,-0.07326831,1,0,0,0,0,0,0,0,0,0,0,0,0,0,0,0,1,0
4,3,0.191362326,0.053570145,0.457417241,-0.597502594,-0.222231811,0.043664138,-0.233307508,-0.07326831,1,0,0,0,0,0,0,0,0,0,0,0,0,0,1,0,0,0
4,3,0.408959809,0.408343501,0.639399639,0.039151261,1.51884523,-1.244546593,-1.015465797,-0.07326831,0,0,0,0,0,0,0,0,0,0,1,0,0,0,1,0,0,0
4,3,-0.062501405,-0.471556938,0.735434696,-0.597502594,-0.187755038,1.147844765,0.492982331,-0.07326831,0,0,0,0,0,0,0,0,0,0,1,0,0,0,0,1,0,0
4,3,0.354560438,-1.00606129,0.580487377,-0.048663064,-0.8772905,0.350380979,-0.736123551,-0.07326831,0,0,0,0,0,0,0,0,0,1,0,0,0,1,0,0,0,0
2,2,-1.204888192,-1.587451988,-2.073792475,-1.519553003,-0.860052113,-0.263052703,0.772324577,-0.07326831,0,0,1,0,0,0,0,0,0,0,0,1,0,0,0,0,0,0
2,2,-0.733426978,-1.526499738,-2.037476697,-0.817038405,-1.135866298,0.411724347,-1.741755637,-0.07326831,0,0,1,0,0,0,0,0,0,0,0,0,0,0,0,0,0,0
2,2,-0.243832641,-0.931043135,-1.79859958,0.126965586,-1.273773391,-0.324396071,0.995798374,-0.07326831,0,0,0,0,0,0,1,0,0,0,0,0,0,1,0,0,0,0
2,2,-0.243832641,-0.931043135,-1.79859958,0.126965586,-2.308076584,0.902471293,1.27514062,-0.07326831,0,0,0,0,0,0,1,0,0,0,0,0,0,1,0,0,0,0
2,2,0.427092933,-0.555952362,-0.328214086,-0.290152457,-0.015371173,-0.569769543,0.492982331,-0.07326831,1,0,0,0,0,0,0,0,0,0,0,0,0,0,1,0,0,0
2,2,-0.080634528,-0.176172954,0.33596114,-0.597502594,0.329396558,-0.69245628,-0.736123551,-0.07326831,1,0,0,0,0,0,0,0,0,0,0,0,0,1,0,0,0,0
2,2,0.082563584,-0.119909338,0.366627797,-0.707270499,0.725879449,-0.815143016,-0.512649754,-0.07326831,1,0,0,0,0,0,0,0,0,0,0,1,0,0,0,0,0,0
2,2,0.191362326,0.053570145,0.457417241,-0.597502594,-0.049847946,-0.01767923,0.269508534,-0.07326831,1,0,0,0,0,0,0,0,0,0,0,0,0,0,1,0,0,0
2,2,0.318294191,0.109833761,0.48445232,0.697758696,0.708641063,-0.447082807,0.269508534,-0.07326831,0,0,0,0,0,0,0,0,0,0,1,0,0,0,0,0,0,0
2,2,0.318294191,0.109833761,0.48445232,0.697758696,0.12253592,-0.69245628,0.772324577,-0.07326831,0,0,0,0,0,0,0,0,0,0,1,0,0,0,0,0,0,0
2,2,0.318294191,0.109833761,0.48445232,0.697758696,0.12253592,-0.69245628,1.27514062,-0.07326831,0,0,0,0,0,0,0,0,0,0,1,0,0,0,0,0,0,0
4,5,0.191362326,-1.212361215,-1.898266215,-0.004755902,-0.291185357,-1.121859857,0.269508534,-0.07326831,0,0,0,0,0,0,1,0,0,0,0,0,0,0,0,0,0,0
4,5,0.100696708,-0.977929482,-1.81635396,0.76361944,-0.532522769,-1.060516489,2.00143046,-0.07326831,0,0,0,0,0,0,1,0,0,0,0,0,0,0,0,0,0,0
4,5,0.662823539,-0.402790296,0.582504921,1.5100412,-0.204993425,-0.447082807,-0.233307508,-0.07326831,0,0,0,0,0,0,0,0,0,0,1,0,0,0,0,0,0,0
5,4,0.191362326,-1.212361215,-1.898266215,-0.004755902,-0.566999542,-1.183203225,1.27514062,-0.07326831,0,0,0,0,0,0,1,0,0,0,0,0,0,0,0,0,0,0
5,4,-0.334498259,0.569319958,0.268575197,-0.004755902,-0.273946971,-0.079022598,0.269508534,-0.07326831,1,0,0,0,0,0,0,0,0,0,0,0,0,0,0,1,0,0
5,4,0.481492303,0.473984387,0.669662787,1.070969576,1.501606844,-0.876486384,-1.51828184,-0.07326831,0,0,0,0,0,0,0,0,0,0,1,0,0,0,0,0,0,0
9,9,-1.168621945,-1.626523944,-2.103652114,-0.290152457,-2.101215945,2.129338656,-0.512649754,-0.07326831,0,0,1,0,0,0,0,0,0,0,0,0,0,0,1,0,0,0
9,9,-0.733426978,-1.526499738,-2.037476697,-0.817038405,-0.549761156,-0.079022598,-0.512649754,-0.07326831,0,0,1,0,0,0,0,0,0,0,0,0,0,0,0,0,0,0
1,3,-0.552095742,-0.916977231,-1.792143442,-0.882899149,-1.82540176,1.699935079,-0.512649754,-0.07326831,0,0,0,0,0,0,1,0,0,0,0,1,0,0,0,0,0,0
1,2,-0.098767652,-0.044891183,-0.073196624,0.76361944,-0.722145021,1.33187487,-0.736123551,-0.07326831,1,0,0,0,0,0,0,0,0,0,0,0,0,0,0,0,0,0
1,2,0.06443046,0.161408742,0.055119125,-0.443827525,0.467303651,-1.551263434,1.498614417,-0.07326831,1,0,0,0,0,0,0,0,0,0,0,0,0,0,0,1,0,0
1,2,0.136962955,0.492738925,0.215715564,0.346501397,0.105297533,-0.324396071,1.27514062,-0.07326831,1,0,0,0,0,0,0,0,0,0,0,0,0,1,0,0,0,0
1,2,-0.080634528,-0.176172954,0.33596114,-0.597502594,-0.170516651,-0.01767923,-1.015465797,-0.07326831,1,0,0,0,0,0,0,0,0,0,0,0,0,1,0,0,0,0
1,2,0.753489157,-0.040202548,0.400119014,1.751530593,-0.049847946,0.411724347,0.269508534,-0.07326831,1,0,0,0,0,0,0,0,0,0,0,0,0,0,0,1,0,0
1,2,0.26389482,0.00512092,0.428364619,0.126965586,-0.394615677,0.166350875,-1.741755637,-0.07326831,1,0,0,0,0,0,0,0,0,0,0,0,0,0,0,0,1,0
1,2,0.191362326,0.053570145,0.457417241,-0.597502594,0.225966239,0.043664138,-0.233307508,-0.07326831,1,0,0,0,0,0,0,0,0,0,0,0,0,0,1,0,0,0
1,2,0.408959809,0.408343501,0.639399639,0.039151261,0.450065264,-1.796636907,-1.741755637,-0.07326831,0,0,0,0,0,0,0,0,0,0,1,0,0,0,1,0,0,0
1,2,0.408959809,0.408343501,0.639399639,0.039151261,1.12236234,-1.060516489,-1.015465797,-0.07326831,0,0,0,0,0,0,0,0,0,0,1,0,0,0,1,0,0,0
1,2,0.408959809,0.408343501,0.639399639,0.039151261,0.605210743,-0.631112912,-1.015465797,-0.07326831,0,0,0,0,0,0,0,0,0,0,1,0,0,0,1,0,0,0
1,2,0.517758551,0.600577523,0.728978558,-0.202338132,1.105123953,-0.508426175,-0.233307508,-0.07326831,0,0,0,0,0,0,0,0,0,0,1,0,0,1,0,0,0,0
6,5,0.191362326,-1.173289259,-1.88495043,-0.268198876,-0.256708584,-1.183203225,0.492982331,-0.07326831,0,0,0,0,0,0,1,0,0,0,0,0,1,0,0,0,0,0
6,5,-0.080634528,-0.218370666,0.307715535,-0.026709483,-0.722145021,0.902471293,0.995798374,-0.07326831,1,0,0,0,0,0,0,0,0,0,0,0,1,0,0,0,0,0
8,6,0.191362326,-1.173289259,-1.88495043,-0.268198876,-0.256708584,-1.244546593,0.772324577,-0.07326831,0,0,0,0,0,0,1,0,0,0,0,0,0,0,0,0,0,0
8,6,0.300161067,-0.399664539,-0.241863237,1.246598226,0.329396558,-0.753799648,1.27514062,-0.07326831,1,0,0,0,0,0,0,0,0,0,0,0,0,1,0,0,0,0
8,6,0.136962955,0.492738925,0.215715564,0.346501397,-0.118801492,-0.079022598,0.492982331,-0.07326831,1,0,0,0,0,0,0,0,0,0,0,0,0,1,0,0,0,0
8,6,0.082563584,-0.119909338,0.366627797,-0.707270499,0.777594609,-1.36723333,-0.736123551,-0.07326831,1,0,0,0,0,0,0,0,0,0,0,1,0,0,0,0,0,0
4,4,-0.171300146,-0.326209263,0.631329466,-0.926806311,-0.187755038,1.209188134,-1.51828184,-0.07326831,0,0,0,0,0,0,0,0,0,0,1,0,0,1,0,0,0,0
3,4,-1.223021315,-1.607769405,-2.089125803,-1.409785097,-1.066912752,0.227694243,-1.238939594,-0.07326831,0,0,1,0,0,0,0,0,0,0,0,0,1,0,0,0,0,0
3,4,-3.924856732,-1.695290586,-2.148441573,-1.82690314,-0.256708584,-1.244546593,0.772324577,-0.07326831,0,0,0,0,0,0,1,0,0,0,0,0,1,0,0,0,0,0
3,4,0.136962955,0.492738925,0.215715564,0.346501397,-1.256535004,2.620085602,0.269508534,-0.07326831,1,0,0,0,0,0,0,0,0,0,0,0,0,1,0,0,0,0
3,4,0.136962955,0.492738925,0.215715564,0.346501397,0.157012693,-0.324396071,0.772324577,-0.07326831,1,0,0,0,0,0,0,0,0,0,0,0,0,1,0,0,0,0
3,4,0.136962955,0.492738925,0.215715564,0.346501397,0.157012693,-0.324396071,0.772324577,-0.07326831,1,0,0,0,0,0,0,0,0,0,0,0,0,1,0,0,0,0
3,4,-0.334498259,0.569319958,0.268575197,-0.004755902,-0.773860181,1.33187487,0.772324577,-0.07326831,1,0,0,0,0,0,0,0,0,0,0,0,0,0,0,1,0,0
2,4,0.753489157,-0.040202548,0.400119014,1.751530593,0.208727853,-0.263052703,-0.009833712,-0.07326831,1,0,0,0,0,0,0,0,0,0,0,0,0,0,0,1,0,0
2,4,0.336427315,0.159845864,0.510276874,-0.092570226,0.898263315,-0.937829753,0.269508534,-0.07326831,0,0,0,0,0,0,0,0,0,0,1,0,1,0,0,0,0,0
2,4,-1.54941754,-1.674973169,-2.173459109,-1.343924354,-2.342553357,2.067995288,-0.512649754,-0.07326831,0,0,0,1,0,0,0,0,0,0,0,0,1,0,0,0,0,0
4,5,-0.860358843,-1.42803841,-1.979774961,-1.365877935,-1.066912752,0.473067715,1.27514062,-0.07326831,0,0,0,0,0,0,1,0,0,0,0,0,0,0,0,0,0,0
4,5,0.136962955,-1.252996049,-1.911178492,-0.334059619,-0.118801492,-0.937829753,-0.512649754,-0.07326831,0,0,0,0,0,0,1,0,0,0,0,0,0,0,1,0,0,0
4,5,-0.080634528,-0.176172954,0.33596114,-0.597502594,0.432826878,-0.69245628,-0.512649754,-0.07326831,1,0,0,0,0,0,0,0,0,0,0,0,0,1,0,0,0,0
4,5,0.336427315,-0.357466827,0.607925965,-0.421873944,0.243204626,0.043664138,-0.512649754,-0.07326831,0,0,0,0,0,0,0,0,0,0,1,0,1,0,0,0,0,0
4,5,-0.370764506,-0.298077455,0.653522442,-0.421873944,-0.256708584,0.718441188,0.772324577,-0.07326831,0,0,0,0,0,0,0,0,0,0,1,1,0,0,0,0,0,0
4,4,-0.860358843,-1.42803841,-1.979774961,-1.365877935,-0.894528887,-0.079022598,0.995798374,-0.07326831,0,0,0,0,0,0,1,0,0,0,0,0,0,0,0,0,0,0
3,4,0.191362326,-1.212361215,-1.898266215,-0.004755902,-0.015371173,-1.612606802,0.269508534,-0.07326831,0,0,0,0,0,0,1,0,0,0,0,0,0,0,0,0,0,0
3,4,-0.171300146,-0.326209263,0.631329466,-0.926806311,0.674164289,-0.324396071,-0.233307508,-0.07326831,0,0,0,0,0,0,0,0,0,0,1,0,0,1,0,0,0,0
3,4,0.209495449,-0.505940259,0.711627686,0.039151261,0.001867214,-0.569769543,-0.736123551,-0.07326831,0,0,0,0,0,0,0,0,0,0,1,1,0,0,0,0,0,0
3,4,-0.461430124,-1.33113996,-1.938213571,-1.146342123,-0.532522769,-1.060516489,2.00143046,-0.07326831,0,0,0,0,0,0,1,0,0,0,0,0,0,0,0,1,0,0
3,5,-0.461430124,-1.33113996,-1.938213571,-1.146342123,-0.584237929,-1.060516489,1.27514062,-0.07326831,0,0,0,0,0,0,1,0,0,0,0,0,0,0,0,1,0,0
3,4,0.191362326,-1.173289259,-1.88495043,-0.268198876,-1.256535004,-0.876486384,1.27514062,-0.07326831,0,0,0,0,0,0,1,0,0,0,0,0,1,0,0,0,0,0
3,4,0.191362326,-1.173289259,-1.88495043,-0.268198876,-0.635953088,-1.060516489,0.492982331,-0.07326831,0,0,0,0,0,0,1,0,0,0,0,0,1,0,0,0,0,0
3,4,-0.098767652,-1.112337009,-1.861546928,-0.619456175,-1.42891887,-0.876486384,-0.009833712,-0.07326831,0,0,0,0,0,0,1,0,0,0,0,1,0,0,0,0,0,0
3,4,0.427092933,-0.555952362,-0.328214086,-0.290152457,0.12253592,-0.508426175,-0.512649754,-0.07326831,1,0,0,0,0,0,0,0,0,0,0,0,0,0,1,0,0,0
3,4,0.155096078,0.539625272,0.243154152,0.368454979,-1.480634029,1.822621815,-1.015465797,-0.07326831,1,0,0,0,0,0,0,0,0,0,0,1,0,0,0,0,0,0
3,4,0.155096078,0.539625272,0.243154152,0.368454979,-0.308423744,-0.079022598,0.772324577,-0.07326831,1,0,0,0,0,0,0,0,0,0,0,1,0,0,0,0,0,0
3,4,0.318294191,0.206732211,0.535697918,-0.114523807,0.62244913,-0.140365966,0.772324577,-0.07326831,0,0,0,0,0,0,0,0,0,0,1,0,0,1,0,0,0,0
3,4,-1.132355697,-0.585647048,0.500189157,-1.27806361,-0.170516651,0.043664138,-0.512649754,-0.07326831,0,0,0,0,0,0,0,0,0,0,1,0,0,0,0,1,0,0
3,4,0.662823539,-0.402790296,0.582504921,1.5100412,0.157012693,0.350380979,0.772324577,-0.07326831,0,0,0,0,0,0,0,0,0,0,1,0,0,0,0,0,0,0
3,4,0.354560438,-1.00606129,0.580487377,-0.048663064,0.294919785,-1.244546593,0.772324577,-0.07326831,0,0,0,0,0,0,0,0,0,1,0,0,0,1,0,0,0,0
3,5,-0.552095742,-0.916977231,-1.792143442,-0.882899149,-1.704733054,0.289037611,-1.015465797,-0.07326831,0,0,0,0,0,0,1,0,0,0,0,1,0,0,0,0,0,0
3,5,0.517758551,0.600577523,0.728978558,-0.202338132,-0.291185357,-0.079022598,-0.512649754,-0.07326831,0,0,0,0,0,0,0,0,0,0,1,0,0,0,0,0,0,0
3,5,0.136962955,-1.140468817,0.507855822,-0.838991987,-0.515284382,0.105007506,-0.233307508,-0.07326831,0,0,0,0,0,0,0,0,0,1,0,0,0,0,0,0,1,0
2,5,0.354560438,-1.00606129,0.580487377,-0.048663064,-0.601476315,-0.569769543,-1.741755637,-0.07326831,0,0,0,0,0,0,0,0,0,1,0,0,0,1,0,0,0,0
4,6,-4.069921721,-1.396780845,-1.859125877,-1.804949559,-0.601476315,-0.263052703,-0.736123551,-0.07326831,0,0,1,0,0,0,0,0,0,0,0,0,1,0,0,0,0,0
4,6,-0.624628236,-1.359271768,-1.949915321,-1.08048138,-0.842813727,-0.324396071,-0.512649754,-0.07326831,0,0,0,0,0,0,1,0,0,0,0,1,0,0,0,0,0,0
4,6,-0.243832641,-0.931043135,-1.79859958,0.126965586,-1.42891887,0.105007506,0.492982331,-0.07326831,0,0,0,0,0,0,1,0,0,0,0,0,0,1,0,0,0,0
4,6,0.554024798,-0.468431181,0.553855807,1.949112824,-0.222231811,-0.140365966,-0.512649754,-0.07326831,0,0,0,0,0,0,0,0,0,0,1,0,0,0,1,0,0,0
3,5,-0.461430124,-1.33113996,-1.938213571,-1.146342123,-0.687668248,-0.385739439,-0.736123551,-0.07326831,0,0,0,0,0,0,1,0,0,0,0,0,0,0,0,1,0,0
3,5,0.517758551,0.445852579,0.186662942,2.475998772,-0.222231811,0.473067715,0.995798374,-0.07326831,1,0,0,0,0,0,0,0,0,0,0,0,1,0,0,0,0,0
3,6,0.318294191,0.206732211,0.535697918,-0.114523807,-0.291185357,0.841127925,-1.51828184,-0.07326831,0,0,0,0,0,0,0,0,0,0,1,0,0,1,0,0,0,0
3,6,0.046297337,0.244241288,0.559101419,-0.443827525,-0.566999542,1.33187487,-0.512649754,-0.07326831,0,0,0,0,0,0,0,0,0,0,1,1,0,0,0,0,0,0
9,9,-0.878491967,-0.977929482,-0.946389327,-1.124388542,-0.153278265,-0.140365966,-0.736123551,-0.07326831,0,0,0,0,1,0,0,0,0,0,0,0,0,0,0,1,0,0.3074847
1,4,0.06443046,0.291127635,0.583715446,-0.443827525,0.484542037,-0.385739439,-1.015465797,-0.07326831,0,0,0,0,0,0,0,0,0,0,1,0,0,0,0,1,0,0.357674444
2,5,0.046297337,0.244241288,0.559101419,-0.443827525,0.51901881,-0.324396071,-1.238939594,-0.07326831,0,0,0,0,0,0,0,0,0,0,1,1,0,0,0,0,0,0.385262401
1,2,0.880421023,-0.171484319,-0.13977555,0.917294508,0.760356222,-0.815143016,0.269508534,-0.07326831,1,0,0,0,0,0,0,0,0,0,0,0,0,0,0,0,1,0.438254931
8,6,-0.098767652,-0.044891183,-0.073196624,0.76361944,0.398350105,0.411724347,2.727720299,-0.07326831,1,0,0,0,0,0,0,0,0,0,0,0,0,0,0,0,0,0.476234179
1,2,-0.116900776,-0.931043135,-1.015389305,-0.070616645,-0.394615677,0.534411084,0.772324577,-0.07326831,0,0,0,0,1,0,0,0,0,0,0,0,1,0,0,0,0,0.536493371
2,5,0.880421023,-0.171484319,-0.13977555,0.917294508,0.846548155,-0.753799648,0.772324577,-0.07326831,1,0,0,0,0,0,0,0,0,0,0,0,0,0,0,0,1,0.570979547
6,5,0.826021652,0.325510956,0.124522611,0.302594235,1.467130071,-1.36723333,-0.009833712,-0.07326831,1,0,0,0,0,0,0,0,0,0,0,0,0,0,1,0,0,0.641853886
5,4,-0.098767652,-1.112337009,-1.861546928,-0.619456175,-0.980720819,-0.263052703,0.772324577,-0.07326831,0,0,0,0,0,0,1,0,0,0,0,1,0,0,0,0,0,0.667829373
8,3,-1.132355697,-0.585647048,0.500189157,-1.27806361,0.915501701,-0.999173121,-0.233307508,-0.07326831,0,0,0,0,0,0,0,0,0,0,1,0,0,0,0,1,0,0.672944473
2,2,0.753489157,-0.040202548,0.400119014,1.751530593,-0.256708584,-0.079022598,1.498614417,-0.07326831,1,0,0,0,0,0,0,0,0,0,0,0,0,0,0,1,0,0.727548607
8,6,0.554024798,-0.468431181,0.553855807,1.949112824,0.829309768,-1.183203225,0.269508534,-0.07326831,0,0,0,0,0,0,0,0,0,0,1,0,0,0,1,0,0,0.751416089
6,5,0.336427315,-0.851336346,-0.462582464,-0.421873944,0.743117836,-0.324396071,0.772324577,-0.07326831,0,0,0,0,0,1,0,0,0,0,0,0,0,0,0,0,0,0.783901544
9,9,-0.098767652,-0.660665203,-0.777722714,-0.399920363,1.01893202,-0.937829753,-1.015465797,-0.07326831,0,0,0,0,1,0,0,0,0,0,0,0,0,1,0,0,0,0.858661619
3,4,-0.098767652,-0.932606013,-0.499705259,-0.619456175,0.984455247,-0.079022598,-1.238939594,-0.07326831,0,0,0,0,1,0,0,0,0,0,0,0,1,0,0,0,0,0.887891257
5,4,0.662823539,-0.402790296,0.582504921,1.5100412,0.208727853,0.166350875,0.492982331,-0.07326831,0,0,0,0,0,0,0,0,0,0,1,0,0,0,0,0,0,0.90016135
1,5,0.499625427,0.539625272,0.699925936,-0.202338132,1.846374575,-1.060516489,-0.736123551,-0.07326831,0,0,0,0,0,0,0,0,0,0,1,0,1,0,0,0,0,0.90016135
7,4,0.753489157,-0.040202548,0.400119014,1.751530593,-0.42909245,0.166350875,-1.51828184,-0.07326831,1,0,0,0,0,0,0,0,0,0,0,0,0,1,0,0,0,0.940007258
2,4,0.499625427,0.539625272,0.699925936,-0.202338132,1.673990709,-1.060516489,-1.015465797,-0.07326831,0,0,0,0,0,0,0,0,0,0,1,0,1,0,0,0,0,0.959350221
2,2,0.26389482,0.00512092,0.428364619,0.126965586,-0.084324719,0.043664138,-0.233307508,-0.07326831,1,0,0,0,0,0,0,0,0,0,0,0,0,0,0,0,1,0.966983846
2,4,0.26389482,0.00512092,0.428364619,0.126965586,0.277681399,-0.569769543,-0.009833712,-0.07326831,1,0,0,0,0,0,0,0,0,0,0,0,0,0,0,0,1,0.970778917
7,4,0.318294191,0.109833761,0.48445232,0.697758696,0.019105601,-0.631112912,0.995798374,-0.07326831,0,0,0,0,0,0,0,0,0,0,1,0,0,0,0,0,0,0.989541194
7,4,-0.098767652,-1.112337009,-1.861546928,-0.619456175,-0.480807609,-0.937829753,-0.512649754,-0.07326831,0,0,0,0,0,0,1,0,0,0,0,1,0,0,0,0,0,1.011600912
6,4,0.826021652,0.325510956,0.124522611,0.302594235,0.243204626,-0.201709334,-0.009833712,-0.07326831,1,0,0,0,0,0,0,0,0,0,0,0,0,0,1,0,0,1.064710737
6,3,-0.008102034,-0.949797674,-1.805862736,-0.268198876,-0.635953088,-0.815143016,2.504246503,-0.07326831,0,0,0,0,0,0,1,0,0,0,0,0,1,0,0,0,0,1.078409581
8,6,0.336427315,0.159845864,0.510276874,-0.092570226,-0.187755038,0.718441188,-1.238939594,-0.07326831,0,0,0,0,0,0,0,0,0,0,1,0,1,0,0,0,0,1.08180517
8,5,-0.171300146,-0.326209263,0.631329466,-0.926806311,-0.187755038,1.393218238,-1.015465797,-0.07326831,0,0,0,0,0,0,0,0,0,0,1,0,0,1,0,0,0,1.101940079
6,5,-1.041690079,-1.448355827,-1.98905566,-1.321970773,-2.342553357,1.577248343,0.269508534,-0.07326831,0,0,0,0,0,0,1,0,0,0,0,0,0,0,1,0,0,1.1442228
6,5,0.26389482,0.00512092,0.428364619,0.126965586,-0.394615677,0.166350875,-1.741755637,-0.07326831,1,0,0,0,0,0,0,0,0,0,0,0,0,0,0,0,1,1.190887565
6,5,0.971086641,0.253618557,0.091031394,1.641762687,0.777594609,-0.69245628,0.269508534,-0.07326831,1,0,0,0,0,0,0,0,0,0,0,0,0,0,0,0,1,1.255616037
6,5,0.100696708,-0.977929482,-1.81635396,0.76361944,-0.739383408,-1.121859857,3.007062545,-0.07326831,0,0,0,0,0,0,1,0,0,0,0,0,0,0,0,0,0,1.261297871
8,6,0.826021652,0.325510956,0.124522611,0.302594235,0.312158172,0.043664138,-1.015465797,-0.07326831,1,0,0,0,0,0,0,0,0,0,0,0,0,0,1,0,0,1.266947603
5,4,0.408959809,0.350517007,0.611961051,0.039151261,0.51901881,-0.569769543,-1.238939594,-0.07326831,0,0,0,0,0,0,0,0,0,0,1,0,0,0,0,0,1,1.272565596
8,6,-0.914758214,-0.31995775,0.248803273,-0.53164185,-0.256708584,0.350380979,-0.009833712,-0.07326831,1,0,0,0,0,0,0,0,0,0,0,0,0,0,0,0,1,1.305626458
7,4,0.136962955,0.492738925,0.215715564,0.346501397,0.208727853,-0.324396071,0.772324577,-0.07326831,1,0,0,0,0,0,0,0,0,0,0,0,0,1,0,0,0,1.319085611
4,4,0.046297337,0.244241288,0.559101419,-0.443827525,-0.204993425,-0.324396071,-1.015465797,-0.07326831,0,0,0,0,0,0,0,0,0,0,1,1,0,0,0,0,0,1.403642999
1,4,-0.080634528,-0.218370666,0.307715535,-0.026709483,-0.808336954,0.534411084,-1.238939594,-0.07326831,1,0,0,0,0,0,0,0,0,0,0,0,1,0,0,0,0,1.504077397
1,4,-0.080634528,-0.218370666,0.307715535,-0.026709483,0.243204626,-0.324396071,0.492982331,-0.07326831,1,0,0,0,0,0,0,0,0,0,0,0,1,0,0,0,0,1.710187816
6,5,-1.658216282,-1.590577745,-1.988248642,-1.387831516,-2.256361424,0.595754452,0.995798374,-0.07326831,0,0,0,0,0,0,0,0,0,0,0,0,0,0,1,0,0,1.72455072
2,5,-0.080634528,-0.176172954,0.33596114,-0.597502594,0.053582374,-0.01767923,-0.736123551,-0.07326831,1,0,0,0,0,0,0,0,0,0,0,0,0,1,0,0,0,1.738710248
2,5,-0.098767652,-0.437173617,0.757627671,-0.619456175,-0.101563105,0.043664138,-1.015465797,-0.07326831,0,0,0,0,0,0,0,0,0,0,1,0,0,0,0,0,1,1.771556762
8,6,-0.334498259,0.569319958,0.268575197,-0.004755902,-0.773860181,1.33187487,0.772324577,-0.07326831,1,0,0,0,0,0,0,0,0,0,0,0,0,0,0,1,0,1.829376333
1,3,0.318294191,0.206732211,0.535697918,-0.114523807,0.863786541,-0.753799648,1.498614417,-0.07326831,0,0,0,0,0,0,0,0,0,0,1,0,0,1,0,0,0,1.845300236
8,6,-1.041690079,-1.220175606,0.469118992,-1.321970773,0.036343987,-0.753799648,-0.009833712,-0.07326831,0,0,0,0,0,0,0,0,0,1,0,1,0,0,0,0,0,1.86252854
5,4,-0.697160731,-1.48899066,-2.016090739,-1.124388542,-1.118627912,0.534411084,-1.015465797,-0.07326831,0,0,1,0,0,0,0,0,0,0,0,0,0,1,0,0,0,1.998773639
7,4,0.191362326,-0.974803725,0.597838249,0.456269303,-0.360138904,0.043664138,0.269508534,-0.07326831,0,0,0,0,0,0,0,0,0,1,0,1,0,0,0,0,0,2.05796251
8,6,0.590291045,0.388026085,0.156399794,1.334412551,0.329396558,-0.631112912,0.492982331,-0.07326831,1,0,0,0,0,0,0,0,0,0,0,0,0,0,0,0,0,2.074429
2,5,0.06443046,0.291127635,0.583715446,-0.443827525,-0.222231811,0.105007506,-0.512649754,-0.07326831,0,0,0,0,0,0,0,0,0,0,1,0,0,0,0,1,0,2.084429083
8,6,-0.243832641,-0.931043135,-1.79859958,0.126965586,-1.273773391,-0.324396071,0.995798374,-0.07326831,0,0,0,0,0,0,1,0,0,0,0,0,0,1,0,0,0,2.102913898
1,5,0.046297337,0.244241288,0.559101419,-0.443827525,0.363873332,-0.140365966,-1.015465797,-0.07326831,0,0,0,0,0,0,0,0,0,0,1,1,0,0,0,0,0,2.116255515
6,4,0.028164213,-1.077953688,-1.850248686,-0.246245295,-0.963482433,-0.140365966,-1.741755637,-0.07326831,0,0,0,0,0,0,1,0,0,0,0,0,1,0,0,0,0,2.128231706
7,4,0.01003109,-1.045133245,-1.838143427,-0.773131243,-1.273773391,0.963814661,-0.009833712,-0.07326831,0,0,0,0,0,0,1,0,0,0,0,0,0,1,0,0,0,2.223541886
6,5,0.100696708,-0.977929482,-1.81635396,0.76361944,-1.239296618,-0.69245628,-0.009833712,-0.07326831,0,0,0,0,0,0,1,0,0,0,0,0,0,0,0,0,0,2.231089091
2,5,0.826021652,0.325510956,0.124522611,0.302594235,0.915501701,-0.999173121,-0.736123551,-0.07326831,1,0,0,0,0,0,0,0,0,0,0,0,0,0,1,0,0,2.270061901
2,2,0.753489157,-0.040202548,0.400119014,1.751530593,0.984455247,-1.36723333,0.269508534,-0.07326831,1,0,0,0,0,0,0,0,0,0,0,0,0,0,0,1,0,2.273156282
4,5,0.408959809,0.350517007,0.611961051,0.039151261,0.932740088,-1.183203225,-0.009833712,-0.07326831,0,0,0,0,0,0,0,0,0,0,1,0,0,0,0,0,1,2.342766883
2,2,0.753489157,-0.040202548,0.400119014,1.751530593,0.984455247,-1.36723333,0.269508534,-0.07326831,1,0,0,0,0,0,0,0,0,0,0,0,0,0,0,1,0,2.398803951
2,5,0.590291045,0.388026085,0.156399794,1.334412551,0.794832995,-0.508426175,0.772324577,-0.07326831,1,0,0,0,0,0,0,0,0,0,0,0,0,0,0,0,0,2.399711804
6,5,-1.658216282,-1.590577745,-1.988248642,-1.387831516,-2.256361424,0.595754452,0.995798374,-0.07326831,0,0,0,0,0,0,0,0,0,0,0,0,0,0,1,0,0,2.479056236
4,5,0.408959809,0.408343501,0.639399639,0.039151261,0.450065264,-1.796636907,-1.741755637,-0.07326831,0,0,0,0,0,0,0,0,0,0,1,0,0,0,1,0,0,2.489894191
3,4,0.06443046,0.291127635,0.583715446,-0.443827525,-0.860052113,0.902471293,1.27514062,-0.07326831,0,0,0,0,0,0,0,0,0,0,1,0,0,0,0,1,0,2.504709277
2,4,-4.92217853,-0.626281882,0.473557587,-1.804949559,0.639687516,-0.385739439,-0.233307508,-0.07326831,0,0,0,0,0,0,0,0,0,0,1,1,0,0,0,0,0,2.511223958
1,5,0.06443046,0.291127635,0.583715446,-0.443827525,0.467303651,-0.69245628,-1.015465797,-0.07326831,0,0,0,0,0,0,0,0,0,0,1,0,0,0,0,1,0,2.528125769
6,5,-0.098767652,-1.145157451,-1.873248679,-0.399920363,-1.118627912,0.595754452,-0.233307508,-0.07326831,0,0,0,0,0,0,1,0,0,0,0,0,0,1,0,0,0,2.57261223
7,4,-1.223021315,-1.596829258,-2.081459139,-1.519553003,-1.739209827,1.454561606,-1.015465797,-0.07326831,0,0,1,0,0,0,0,0,0,0,0,0,0,1,0,0,0,2.642622396
8,6,0.136962955,-1.140468817,0.507855822,-0.838991987,0.225966239,-0.447082807,-0.736123551,-0.07326831,0,0,0,0,0,0,0,0,0,1,0,0,0,0,0,0,1,2.687847494
5,6,-0.008102034,-0.949797674,-1.805862736,-0.268198876,-0.653191475,1.209188134,-0.009833712,-0.07326831,0,0,0,0,0,0,1,0,0,0,0,0,1,0,0,0,0,2.707383312
4,5,0.408959809,0.408343501,0.639399639,0.039151261,0.553495584,-0.631112912,-1.238939594,-0.07326831,0,0,0,0,0,0,0,0,0,0,1,0,0,0,1,0,0,2.745345986
2,2,0.517758551,0.445852579,0.186662942,2.475998772,0.691402676,-0.815143016,1.777956663,-0.07326831,1,0,0,0,0,0,0,0,0,0,0,0,1,0,0,0,0,2.800325477
7,5,0.06443046,0.291127635,0.583715446,-0.443827525,0.312158172,-0.447082807,-1.015465797,-0.07326831,0,0,0,0,0,0,0,0,0,0,1,0,0,0,0,1,0,2.901421594
6,5,0.318294191,0.109833761,0.48445232,0.697758696,0.12253592,-0.69245628,1.27514062,-0.07326831,0,0,0,0,0,0,0,0,0,0,1,0,0,0,0,0,0,3.007166651
8,3,0.554024798,-0.468431181,0.553855807,1.949112824,0.743117836,-1.121859857,0.492982331,-0.07326831,0,0,0,0,0,0,0,0,0,0,1,0,0,0,1,0,0,3.194992884
4,4,-0.008102034,-1.04982188,0.560715454,-0.509688269,-0.084324719,-1.183203225,-0.512649754,-0.07326831,0,0,0,0,0,0,0,0,0,1,0,0,1,0,0,0,0,3.228033763
7,4,0.517758551,0.445852579,0.186662942,2.475998772,-2.37703013,3.172175915,0.995798374,-0.07326831,1,0,0,0,0,0,0,0,0,0,0,0,1,0,0,0,0,3.295836866
7,4,0.662823539,-0.402790296,0.582504921,1.5100412,0.208727853,0.166350875,0.492982331,-0.07326831,0,0,0,0,0,0,0,0,0,0,1,0,0,0,0,0,0,3.300640127
7,3,-0.552095742,-0.916977231,-1.792143442,-0.882899149,-1.359965323,0.105007506,0.995798374,-0.07326831,0,0,0,0,0,0,1,0,0,0,0,1,0,0,0,0,0,3.34462703
4,4,0.191362326,-1.173289259,-1.88495043,-0.268198876,-0.32566213,-1.060516489,0.492982331,-0.07326831,0,0,0,0,0,0,1,0,0,0,0,0,1,0,0,0,0,3.389799337
4,4,0.191362326,-1.173289259,-1.88495043,-0.268198876,-0.32566213,-1.060516489,0.492982331,-0.07326831,0,0,0,0,0,0,1,0,0,0,0,0,1,0,0,0,0,3.389799337
4,4,0.318294191,0.206732211,0.535697918,-0.114523807,-0.342900517,0.963814661,-1.51828184,-0.07326831,0,0,0,0,0,0,0,0,0,0,1,0,0,1,0,0,0,3.417070731
1,3,-0.370764506,-0.298077455,0.653522442,-0.421873944,-1.118627912,1.761278447,1.27514062,-0.07326831,0,0,0,0,0,0,0,0,0,0,1,1,0,0,0,0,0,3.444256871
4,5,0.408959809,0.350517007,0.611961051,0.039151261,0.088059147,-1.551263434,-1.51828184,-0.07326831,0,0,0,0,0,0,0,0,0,0,1,0,0,0,0,0,1,3.487986512
6,5,-0.098767652,-1.112337009,-1.861546928,-0.619456175,-0.635953088,-1.060516489,-0.512649754,-0.07326831,0,0,0,0,0,0,1,0,0,0,0,1,0,0,0,0,0,3.492256113
8,6,-0.080634528,-0.176172954,0.33596114,-0.597502594,-0.463569223,0.902471293,-0.512649754,-0.07326831,1,0,0,0,0,0,0,0,0,0,0,0,0,1,0,0,0,3.498626527
3,4,0.481492303,0.473984387,0.669662787,1.070969576,-0.049847946,0.289037611,-0.233307508,-0.07326831,0,0,0,0,0,0,0,0,0,0,1,0,0,0,0,0,0,3.607669399
4,3,-0.552095742,-0.916977231,-1.792143442,-0.882899149,-1.359965323,0.105007506,0.995798374,-0.07326831,0,0,0,0,0,0,1,0,0,0,0,1,0,0,0,0,0,3.63363098
2,2,-0.425163877,0.616206305,-0.960512129,-0.487734688,-0.946244046,2.129338656,-0.233307508,-0.07326831,0,0,0,0,1,0,0,0,0,0,0,0,0,0,0,0,0,3.638112337
7,4,-0.098767652,-0.437173617,0.757627671,-0.619456175,-0.601476315,0.779784556,0.269508534,-0.07326831,0,0,0,0,0,0,0,0,0,0,1,0,0,0,0,0,1,3.656097965
4,4,0.517758551,0.600577523,0.728978558,-0.202338132,0.691402676,-0.324396071,0.492982331,-0.07326831,0,0,0,0,0,0,0,0,0,0,1,0,0,1,0,0,0,3.902982261
7,5,0.191362326,-0.974803725,0.597838249,0.456269303,-0.480807609,-0.01767923,-0.009833712,-0.07326831,0,0,0,0,0,0,0,0,0,1,0,1,0,0,0,0,0,3.91939576
8,6,0.282027944,-0.454365277,-0.270915859,0.631897953,0.208727853,-0.631112912,0.269508534,-0.07326831,1,0,0,0,0,0,0,0,0,0,0,0,1,0,0,0,0,4.082609306
4,6,0.517758551,0.600577523,0.728978558,-0.202338132,1.62227555,-1.121859857,-0.512649754,-0.07326831,0,0,0,0,0,0,0,0,0,0,1,0,0,1,0,0,0,4.175924549
8,6,0.282027944,-0.454365277,-0.270915859,0.631897953,-0.42909245,-0.079022598,-0.009833712,-0.07326831,1,0,0,0,0,0,0,0,0,0,0,0,1,0,0,0,0,4.280824129
4,4,0.408959809,0.350517007,0.611961051,0.039151261,1.294746205,-1.428576698,0.269508534,-0.07326831,0,0,0,0,0,0,0,0,0,0,1,0,0,0,0,0,1,4.494126887
1,5,0.517758551,0.600577523,0.728978558,-0.202338132,1.536083617,-1.060516489,-0.512649754,-0.07326831,0,0,0,0,0,0,0,0,0,0,1,0,0,1,0,0,0,4.566221436
6,4,0.06443046,0.291127635,0.583715446,-0.443827525,-0.032609559,-0.079022598,-0.736123551,-0.07326831,0,0,0,0,0,0,0,0,0,0,1,0,0,0,0,1,0,4.648133885
9,4,-1.132355697,-0.585647048,0.500189157,-1.27806361,0.932740088,-0.508426175,-0.512649754,-0.07326831,0,0,0,0,0,0,0,0,0,0,1,0,0,0,0,1,0,4.669646205
4,5,0.336427315,0.159845864,0.510276874,-0.092570226,-0.204993425,-1.183203225,-0.512649754,-0.07326831,0,0,0,0,0,0,0,0,0,0,1,0,1,0,0,0,0,5.04908648
8,6,0.136962955,0.492738925,0.215715564,0.346501397,0.12253592,-0.201709334,0.995798374,-0.07326831,1,0,0,0,0,0,0,0,0,0,0,0,0,1,0,0,0,5.285637313
2,2,0.336427315,0.159845864,0.510276874,-0.092570226,-0.118801492,0.105007506,-1.238939594,-0.07326831,0,0,0,0,0,0,0,0,0,0,1,0,1,0,0,0,0,5.307970624
1,2,0.06443046,0.291127635,0.583715446,-0.443827525,-0.015371173,-0.263052703,-1.015465797,-0.07326831,0,0,0,0,0,0,0,0,0,0,1,0,0,0,0,1,0,5.36541511
6,5,0.336427315,0.159845864,0.510276874,-0.092570226,1.07064718,-1.060516489,-0.009833712,-0.07326831,0,0,0,0,0,0,0,0,0,0,1,0,1,0,0,0,0,6.995619625
7,5,-1.585683787,-1.685913316,-2.17910823,-1.212202867,-0.946244046,1.883965184,-1.238939594,-0.07326831,0,0,0,0,0,0,0,0,0,0,0,0,0,1,0,0,0,0
6,3,-0.479563248,-1.463984609,-2.035459153,-1.146342123,-0.635953088,0.411724347,-0.736123551,-0.07326831,0,0,0,0,0,0,0,0,0,0,0,0,0,0,0,0,1,0
4,4,-1.386219428,-1.368649037,-1.866792541,-1.475645841,-0.37737729,-1.489920066,-0.512649754,-0.07326831,0,0,0,0,0,0,0,0,0,0,0,0,0,0,0,0,0,0
2,4,0.644690416,0.178600403,0.16931207,0.851433765,-0.601476315,1.33187487,-0.009833712,-0.07326831,1,0,0,0,0,0,0,0,0,0,0,0,0,1,0,0,0,2.409644165
7,4,0.209495449,1.003800104,0.616399647,1.049015995,0.51901881,1.761278447,2.00143046,3.308849194,1,0,0,0,0,0,0,0,0,0,0,0,0,1,0,0,0,0
2,4,0.209495449,1.003800104,0.616399647,1.049015995,0.605210743,0.595754452,2.00143046,-0.07326831,1,0,0,0,0,0,0,0,0,0,0,0,0,1,0,0,0,1.353254507
3,4,0.209495449,1.003800104,0.616399647,1.049015995,1.363699751,-0.385739439,1.27514062,-0.07326831,1,0,0,0,0,0,0,0,0,0,0,0,0,1,0,0,0,0.565313809
5,4,0.209495449,1.003800104,0.616399647,1.049015995,1.174077499,-0.324396071,0.772324577,-0.07326831,1,0,0,0,0,0,0,0,0,0,0,0,0,1,0,0,0,0.086177696
2,4,0.282027944,-0.301203211,-0.178915888,0.126965586,0.312158172,1.577248343,-1.015465797,-0.07326831,1,0,0,0,0,0,0,0,0,0,0,0,0,0,0,0,1,0.559615788
8,6,0.445226056,0.725607781,0.479206708,0.983155252,1.691229096,-0.999173121,-0.736123551,-0.07326831,1,0,0,0,0,0,0,0,0,0,0,0,0,0,0,0,1,0
3,4,0.445226056,0.725607781,0.479206708,0.983155252,0.484542037,-0.263052703,-2.021097883,-0.07326831,1,0,0,0,0,0,0,0,0,0,0,0,0,0,0,0,1,1.244154594
8,5,0.445226056,0.725607781,0.479206708,0.983155252,1.363699751,-1.183203225,-0.512649754,-0.07326831,1,0,0,0,0,0,0,0,0,0,0,0,0,0,0,0,1,0.518793793
8,5,0.445226056,0.725607781,0.479206708,0.983155252,0.881024928,-0.508426175,-0.512649754,-0.07326831,1,0,0,0,0,0,0,0,0,0,0,0,0,0,0,0,1,0.21511138
6,5,0.445226056,0.725607781,0.479206708,0.983155252,0.553495584,-0.447082807,-0.233307508,-0.07326831,1,0,0,0,0,0,0,0,0,0,0,0,0,0,0,0,1,0.19062036
7,4,0.227628573,-0.026136644,0.070855962,-0.224291713,0.432826878,-0.385739439,-0.736123551,-0.07326831,1,0,0,0,0,0,0,0,0,0,0,0,0,0,1,0,0,0.924258902
6,3,0.173229202,0.425535162,0.297627819,-0.597502594,0.001867214,-0.201709334,-0.512649754,-0.07326831,1,0,0,0,0,0,0,0,0,0,0,0,0,0,1,0,0,2.428336298
2,5,-0.570228866,-0.529383432,0.592592637,-0.882899149,0.587972357,0.105007506,-0.009833712,-0.07326831,1,0,0,0,0,0,0,0,0,0,0,0,0,0,1,0,0,0
8,6,0.644690416,0.098893613,0.13380331,0.434315722,0.863786541,-0.201709334,-1.015465797,-0.07326831,1,0,0,0,0,0,0,0,0,0,0,0,1,0,0,0,0,2.199444334
4,3,0.644690416,0.098893613,0.13380331,0.434315722,0.432826878,-0.01767923,-0.736123551,-0.07326831,1,0,0,0,0,0,0,0,0,0,0,0,1,0,0,0,0,0.518793793
3,4,0.209495449,0.938159219,0.582504921,1.027062414,0.294919785,0.902471293,-1.741755637,-0.07326831,1,0,0,0,0,0,0,0,0,0,0,0,1,0,0,0,0,0
7,4,0.209495449,0.938159219,0.582504921,1.027062414,0.829309768,-0.263052703,-1.238939594,-0.07326831,1,0,0,0,0,0,0,0,0,0,0,0,1,0,0,0,0,0.867100488
2,4,0.535891674,-0.202741883,-0.023968569,1.180737482,1.62227555,-0.753799648,-0.009833712,-0.07326831,1,0,0,0,0,0,0,0,0,0,0,1,0,0,0,0,0,2.287471455
3,4,0.173229202,0.023875459,0.10111911,-0.026709483,-1.32548855,2.436055497,2.00143046,-0.07326831,1,0,0,0,0,0,0,0,0,0,0,0,0,0,0,0,0,1.458615023
2,4,0.173229202,0.023875459,0.10111911,-0.026709483,0.432826878,-0.140365966,-0.512649754,-0.07326831,1,0,0,0,0,0,0,0,0,0,0,0,0,0,0,0,0,1.658228077
6,3,0.082563584,0.472421509,0.327487458,-0.421873944,0.07082076,-0.324396071,-0.233307508,-0.07326831,1,0,0,0,0,0,0,0,0,0,0,0,0,0,0,0,0,0.940007258
4,4,0.662823539,0.886584238,0.550627738,0.873387346,0.501780424,0.534411084,-0.512649754,-0.07326831,1,0,0,0,0,0,0,0,0,0,0,0,0,0,0,0,0,2.020222182
4,4,0.554024798,-0.13553812,0.009522648,1.224644645,0.553495584,0.595754452,2.00143046,-0.07326831,1,0,0,0,0,0,0,0,0,0,0,0,0,0,0,1,0,0.58221562
6,5,0.662823539,0.325510956,0.238715557,3.002884721,0.088059147,0.65709782,-0.009833712,-0.07326831,1,0,0,0,0,0,0,0,0,0,0,0,0,0,0,1,0,0.157003749
2,2,0.26389482,0.652152504,0.444908473,1.158783901,0.829309768,-1.244546593,-0.512649754,-0.07326831,1,0,0,0,0,0,0,0,0,0,0,0,0,0,0,1,0,0
3,4,0.26389482,0.652152504,0.444908473,1.158783901,0.363873332,-0.753799648,-0.512649754,-0.07326831,1,0,0,0,0,0,0,0,0,0,0,0,0,0,0,1,0,0
4,4,0.26389482,0.652152504,0.444908473,1.158783901,0.036343987,0.534411084,-0.736123551,-0.07326831,1,0,0,0,0,0,0,0,0,0,0,0,0,0,0,1,0,1.686398954
2,2,0.26389482,0.652152504,0.444908473,1.158783901,0.501780424,0.718441188,-0.512649754,-0.07326831,1,0,0,0,0,0,0,0,0,0,0,0,0,0,0,1,0,0.418710335
8,6,0.26389482,0.652152504,0.444908473,1.158783901,0.208727853,0.841127925,0.269508534,-0.07326831,1,0,0,0,0,0,0,0,0,0,0,0,0,0,0,1,0,2.329227024
2,5,0.26389482,0.652152504,0.444908473,1.158783901,0.225966239,0.166350875,-0.009833712,-0.07326831,1,0,0,0,0,0,0,0,0,0,0,0,0,0,0,1,0,1.40854497
4,6,-1.132355697,-1.307696787,-0.784582361,-0.487734688,-2.428745289,0.779784556,2.504246503,-0.07326831,0,1,0,0,0,0,0,0,0,0,0,0,0,1,0,0,0,2.30058309
8,6,-1.204888192,-1.298319517,-0.780143766,-0.817038405,-2.37703013,1.025158029,2.224904257,-0.07326831,0,1,0,0,0,0,0,0,0,0,0,0,0,0,0,0,1,2.500615943
4,6,-1.09608945,-1.320199812,-0.790634991,-1.541506584,-2.37703013,1.025158029,0.492982331,-0.07326831,0,1,0,0,0,0,0,0,0,0,0,0,0,0,1,0,0,1.853168097
4,4,-0.951024461,-1.335828595,-0.799915689,-1.409785097,-2.463222063,-1.428576698,2.504246503,-0.07326831,0,1,0,0,0,0,0,0,0,0,0,1,0,0,0,0,0,2.936512914
3,4,-0.951024461,-1.335828595,-0.799915689,-1.409785097,-2.463222063,-1.428576698,2.504246503,-0.07326831,0,1,0,0,0,0,0,0,0,0,0,1,0,0,0,0,0,2.462149663
4,4,-0.951024461,-1.335828595,-0.799915689,-1.409785097,-2.463222063,-1.428576698,2.504246503,-0.07326831,0,1,0,0,0,0,0,0,0,0,0,1,0,0,0,0,0,3.136797714
4,4,-0.951024461,-1.335828595,-0.799915689,-1.409785097,-2.463222063,-1.428576698,2.504246503,-0.07326831,0,1,0,0,0,0,0,0,0,0,0,1,0,0,0,0,0,2.376764491
4,6,-1.077956327,-1.315511178,-0.788213939,-1.08048138,-2.87694334,0.902471293,0.492982331,-0.07326831,0,1,0,0,0,0,0,0,0,0,0,0,0,0,0,0,0,2.329227024
6,5,-0.951024461,-1.335828595,-0.799915689,-1.409785097,-2.37703013,-1.244546593,2.504246503,-0.07326831,0,1,0,0,0,0,0,0,0,0,0,0,0,0,0,1,0,3.249211025
6,3,-1.041690079,-1.303008152,-0.784582361,-1.234156448,-2.532175609,0.411724347,-0.009833712,-0.07326831,0,0,1,0,0,0,0,0,0,0,0,0,0,1,0,0,0,0
3,4,-0.679027607,-1.6296497,-2.135529297,-1.27806361,-1.739209827,-0.569769543,-0.512649754,-0.07326831,0,0,1,0,0,0,0,0,0,0,0,0,0,0,0,0,1,0.741937345
5,4,-0.987290708,-1.65621863,-2.147231048,-0.597502594,-1.963308853,0.105007506,2.224904257,-0.07326831,0,0,1,0,0,0,0,0,0,0,0,0,0,0,0,0,0,3.228430038
2,5,0.590291045,0.91940468,-0.549336822,0.719712278,0.777594609,-0.263052703,1.27514062,-0.07326831,0,0,0,0,1,0,0,0,0,0,0,0,0,1,0,0,0,0
7,6,0.100696708,1.128830362,-0.444828084,0.76361944,-1.084151139,2.804115706,2.00143046,0.603155191,0,0,0,0,1,0,0,0,0,0,0,0,0,0,0,0,1,0
7,4,0.173229202,-0.104280555,-0.294722869,-0.004755902,0.553495584,0.289037611,-0.736123551,-0.07326831,0,0,0,0,1,0,0,0,0,0,0,0,1,0,0,0,0,0
7,4,0.173229202,-0.104280555,-0.294722869,-0.004755902,0.915501701,-0.753799648,-1.238939594,-0.07326831,0,0,0,0,1,0,0,0,0,0,0,0,1,0,0,0,0,0
7,4,0.173229202,-0.104280555,-0.294722869,-0.004755902,0.932740088,-0.876486384,-1.238939594,-0.07326831,0,0,0,0,1,0,0,0,0,0,0,0,1,0,0,0,0,0
2,5,0.173229202,-0.104280555,-0.294722869,-0.004755902,-0.032609559,0.534411084,-1.238939594,-0.07326831,0,0,0,0,1,0,0,0,0,0,0,0,1,0,0,0,0,0
9,4,0.173229202,-0.104280555,-0.294722869,-0.004755902,1.105123953,-0.324396071,-1.741755637,-0.07326831,0,0,0,0,1,0,0,0,0,0,0,0,1,0,0,0,0,2.197224577
4,5,0.173229202,-0.166795684,-0.329424612,-0.597502594,0.691402676,-0.263052703,-1.51828184,-0.07326831,0,0,0,0,1,0,0,0,0,0,0,0,0,0,0,0,0,1.291983682
7,6,0.445226056,1.08663265,-0.47267018,0.434315722,1.380938138,-0.999173121,0.772324577,-0.07326831,0,0,0,0,1,0,0,0,0,0,0,0,0,0,0,1,0,4.471067201
8,6,0.300161067,-0.344963802,-0.431915807,-0.114523807,-0.308423744,1.393218238,-0.233307508,-0.07326831,0,0,0,0,1,0,0,0,0,0,0,0,0,0,0,1,0,2.024193067
7,5,0.445226056,1.08663265,-0.47267018,0.434315722,0.57073397,0.227694243,-1.51828184,-0.07326831,0,0,0,0,0,1,0,0,0,0,0,0,0,1,0,0,0,0
6,4,-0.044368281,-0.334023654,-1.03758228,-0.575549012,-0.791098567,0.105007506,-1.238939594,-0.07326831,0,0,0,0,0,1,0,0,0,0,0,0,0,1,0,0,0,0.641853886
8,6,-0.044368281,-0.334023654,-1.03758228,-0.575549012,-0.601476315,0.043664138,-1.015465797,-0.07326831,0,0,0,0,0,1,0,0,0,0,0,0,0,1,0,0,0,0
8,6,0.100696708,0.577134349,-0.688950813,0.807526602,0.12253592,-0.079022598,0.492982331,-0.07326831,0,0,0,0,0,1,0,0,0,0,0,0,0,0,0,0,1,0
6,5,-6.753624014,-0.623156125,-1.267582206,-1.892763883,-1.42891887,2.804115706,-0.736123551,-0.07326831,0,0,0,0,0,1,0,0,0,0,0,0,1,0,0,0,0,0
6,5,-0.044368281,-0.274634282,-1.008126149,-0.334059619,0.312158172,-1.183203225,0.492982331,-0.07326831,0,0,0,0,0,1,0,0,0,0,0,1,0,0,0,0,0,0
6,5,-0.044368281,-0.274634282,-1.008126149,-0.334059619,0.036343987,-0.324396071,0.772324577,-0.07326831,0,0,0,0,0,1,0,0,0,0,0,1,0,0,0,0,0,1.508511994
3,6,0.082563584,-0.262131256,-1.274441853,-0.421873944,0.053582374,-0.385739439,0.269508534,-0.07326831,0,0,0,0,0,1,0,0,0,0,0,0,0,0,0,0,0,0
3,6,0.082563584,-0.262131256,-1.274441853,-0.421873944,0.053582374,-0.385739439,0.269508534,-0.07326831,0,0,0,0,0,1,0,0,0,0,0,0,0,0,0,0,0,0
6,5,-1.005423832,-1.295193761,-1.751792578,-1.212202867,-1.308250164,3.049489179,0.492982331,-0.07326831,0,0,0,0,0,0,0,1,0,0,0,0,1,0,0,0,0,0
1,4,-0.18943327,-0.418419078,0.671276822,-0.729224081,0.019105601,0.473067715,-1.015465797,-0.07326831,0,0,0,0,0,0,0,0,0,0,1,0,0,1,0,0,0,0
7,4,-0.18943327,-0.418419078,0.671276822,-0.729224081,-0.308423744,0.534411084,0.772324577,-0.07326831,0,0,0,0,0,0,0,0,0,0,1,0,0,1,0,0,0,0.343589704
3,4,-0.18943327,-0.418419078,0.671276822,-0.729224081,0.846548155,-0.569769543,-0.233307508,-0.07326831,0,0,0,0,0,0,0,0,0,0,1,0,0,1,0,0,0,1.821318271
2,4,0.318294191,-0.079274504,0.848013607,0.192826329,-0.498045996,0.043664138,-1.238939594,-0.07326831,0,0,0,0,0,0,0,0,0,0,1,0,0,1,0,0,0,0
2,4,0.318294191,-0.079274504,0.848013607,0.192826329,1.036170407,-1.060516489,-1.015465797,-0.07326831,0,0,0,0,0,0,0,0,0,0,1,0,0,1,0,0,0,0
7,4,0.318294191,-0.079274504,0.848013607,0.192826329,1.105123953,-1.060516489,-0.736123551,-0.07326831,0,0,0,0,0,0,0,0,0,0,1,0,0,1,0,0,0,0
6,3,0.318294191,-0.079274504,0.848013607,0.192826329,1.01893202,-0.999173121,-1.238939594,-0.07326831,0,0,0,0,0,0,0,0,0,0,1,0,0,1,0,0,0,2.72719902
2,4,-7.297617722,-1.010749924,0.640206656,-1.892763883,-1.153104685,2.067995288,1.27514062,-0.07326831,0,0,0,0,0,0,0,0,0,0,1,0,0,1,0,0,0,0
6,5,0.354560438,0.070761805,0.92468025,-0.048663064,0.932740088,-1.060516489,0.492982331,-0.07326831,0,0,0,0,0,0,0,0,0,0,1,0,0,0,0,0,1,0
4,4,0.354560438,0.070761805,0.92468025,-0.048663064,0.139774306,-0.201709334,-1.238939594,-0.07326831,0,0,0,0,0,0,0,0,0,0,1,0,0,0,0,0,1,0.947789399
3,4,0.100696708,0.372397302,1.087697741,-0.399920363,-0.067086332,-0.876486384,-0.736123551,-0.07326831,0,0,0,0,0,0,0,0,0,0,1,0,0,0,0,0,1,0
4,5,0.318294191,-0.229310813,0.772557491,-0.092570226,-0.049847946,-1.244546593,0.995798374,-0.07326831,0,0,0,0,0,0,0,0,0,0,1,0,0,0,1,0,0,0
4,4,0.318294191,-0.229310813,0.772557491,-0.092570226,0.053582374,-1.244546593,0.492982331,-0.07326831,0,0,0,0,0,0,0,0,0,0,1,0,0,0,1,0,0,1.564440547
6,5,0.390826685,0.127025421,0.950504803,-0.334059619,0.467303651,-1.060516489,-1.015465797,-0.07326831,0,0,0,0,0,0,0,0,0,0,1,0,0,0,1,0,0,0
5,4,0.390826685,0.127025421,0.950504803,-0.334059619,0.467303651,-0.999173121,1.27514062,-0.07326831,0,0,0,0,0,0,0,0,0,0,1,0,0,0,1,0,0,1.688249093
6,3,0.390826685,0.127025421,0.950504803,-0.334059619,0.001867214,-0.631112912,1.777956663,-0.07326831,0,0,0,0,0,0,0,0,0,0,1,0,0,0,1,0,0,3.565581238
1,4,0.390826685,0.127025421,0.950504803,-0.334059619,-0.360138904,-0.999173121,-0.009833712,-0.07326831,0,0,0,0,0,0,0,0,0,0,1,0,0,0,1,0,0,2.105352923
6,5,0.390826685,0.127025421,0.950504803,-0.334059619,-0.360138904,-0.999173121,-0.009833712,-0.07326831,0,0,0,0,0,0,0,0,0,0,1,0,0,0,1,0,0,0.698134722
3,5,0.01003109,0.406780623,1.109083699,-0.487734688,-1.032435979,-0.324396071,-0.736123551,-0.07326831,0,0,0,0,0,0,0,0,0,0,1,0,0,0,1,0,0,1.156881197
6,5,-0.461430124,-0.899785571,0.722118911,-0.795084824,-0.894528887,0.718441188,-1.238939594,-0.07326831,0,0,0,0,0,0,0,0,0,0,1,0,0,0,1,0,0,1.690095815
1,4,0.282027944,-0.133975242,0.821382037,-0.136477389,0.915501701,-1.060516489,-0.512649754,-0.07326831,0,0,0,0,0,0,0,0,0,0,1,0,1,0,0,0,0,0
5,4,0.282027944,-0.133975242,0.821382037,-0.136477389,0.898263315,-1.060516489,-0.512649754,-0.07326831,0,0,0,0,0,0,0,0,0,0,1,0,1,0,0,0,0,0
6,5,0.282027944,-0.133975242,0.821382037,-0.136477389,0.398350105,-0.753799648,-1.015465797,-0.07326831,0,0,0,0,0,0,0,0,0,0,1,0,1,0,0,0,0,0
6,5,0.282027944,-0.133975242,0.821382037,-0.136477389,0.139774306,-0.569769543,-1.238939594,-0.07326831,0,0,0,0,0,0,0,0,0,0,1,0,1,0,0,0,0,0
4,3,0.282027944,-0.133975242,0.821382037,-0.136477389,0.794832995,-1.060516489,-0.009833712,-0.07326831,0,0,0,0,0,0,0,0,0,0,1,0,1,0,0,0,0,1.465567542
3,3,0.282027944,-0.133975242,0.821382037,-0.136477389,0.915501701,-1.060516489,-0.512649754,-0.07326831,0,0,0,0,0,0,0,0,0,0,1,0,1,0,0,0,0,2.0255132
7,4,0.100696708,0.211420845,0.998118823,-0.114523807,0.450065264,-0.999173121,0.269508534,-0.07326831,0,0,0,0,0,0,0,0,0,0,1,0,1,0,0,0,0,2.811809435
4,4,0.100696708,0.211420845,0.998118823,-0.114523807,-0.308423744,-0.201709334,-1.015465797,-0.07326831,0,0,0,0,0,0,0,0,0,0,1,0,1,0,0,0,0,2.503073954
1,4,0.26389482,-0.362155462,0.69871541,0.105012004,-0.136039878,0.595754452,-0.512649754,-0.07326831,0,0,0,0,0,0,0,0,0,0,1,1,0,0,0,0,0,1.141033005
2,3,0.173229202,-0.03863967,0.871820617,-0.619456175,-0.153278265,0.411724347,0.772324577,-0.07326831,0,0,0,0,0,0,0,0,0,0,1,1,0,0,0,0,0,0
4,3,0.173229202,-0.03863967,0.871820617,-0.619456175,-1.566825962,2.558742233,-1.238939594,-0.07326831,0,0,0,0,0,0,0,0,0,0,1,1,0,0,0,0,0,0
7,4,0.173229202,-0.03863967,0.871820617,-0.619456175,0.07082076,-0.01767923,-1.015465797,-0.07326831,0,0,0,0,0,0,0,0,0,0,1,1,0,0,0,0,0,0
6,3,0.173229202,-0.03863967,0.871820617,-0.619456175,0.708641063,-0.631112912,-1.015465797,-0.07326831,0,0,0,0,0,0,0,0,0,0,1,1,0,0,0,0,0,4.043752776
8,6,0.173229202,-0.03863967,0.871820617,-0.619456175,0.656925903,-0.569769543,-1.015465797,-0.07326831,0,0,0,0,0,0,0,0,0,0,1,1,0,0,0,0,0,2.13771045
2,4,0.173229202,-0.03863967,0.871820617,-0.619456175,0.260443012,-0.201709334,-1.238939594,-0.07326831,0,0,0,0,0,0,0,0,0,0,1,1,0,0,0,0,0,0.904218151
2,5,0.173229202,-0.03863967,0.871820617,-0.619456175,0.07082076,-0.01767923,-1.015465797,-0.07326831,0,0,0,0,0,0,0,0,0,0,1,1,0,0,0,0,0,1.595338988
8,6,0.227628573,0.012935311,0.897241662,-0.553595431,-0.549761156,0.411724347,-1.015465797,-0.07326831,0,0,0,0,0,0,0,0,0,0,1,1,0,0,0,0,0,0
6,3,0.155096078,0.300504904,1.045732842,-0.334059619,0.294919785,-0.447082807,-1.238939594,-0.07326831,0,0,0,0,0,0,0,0,0,0,1,1,0,0,0,0,0,0
8,6,0.155096078,0.300504904,1.045732842,-0.334059619,-0.515284382,0.411724347,0.269508534,-0.07326831,0,0,0,0,0,0,0,0,0,0,1,1,0,0,0,0,0,1.156881197
6,3,0.155096078,0.300504904,1.045732842,-0.334059619,-1.153104685,1.33187487,0.492982331,-0.07326831,0,0,0,0,0,0,0,0,0,0,1,1,0,0,0,0,0,1.960094784
2,2,0.155096078,0.300504904,1.045732842,-0.334059619,-0.360138904,-0.079022598,-0.512649754,-0.07326831,0,0,0,0,0,0,0,0,0,0,1,1,0,0,0,0,0,1.921324674
1,4,0.155096078,0.300504904,1.045732842,-0.334059619,0.415588491,-0.569769543,-1.015465797,-0.07326831,0,0,0,0,0,0,0,0,0,0,1,1,0,0,0,0,0,3.373826185
5,4,0.26389482,-0.185550223,0.796364501,0.126965586,-1.515110802,1.883965184,-0.233307508,-0.07326831,0,0,0,0,0,0,0,0,0,0,1,0,0,0,0,0,0,0
3,4,0.26389482,-0.185550223,0.796364501,0.126965586,-0.256708584,0.779784556,0.269508534,-0.07326831,0,0,0,0,0,0,0,0,0,0,1,0,0,0,0,0,0,0
5,4,0.26389482,-0.185550223,0.796364501,0.126965586,-1.049674365,1.209188134,-0.233307508,-0.07326831,0,0,0,0,0,0,0,0,0,0,1,0,0,0,0,0,0,0.970778917
5,4,0.26389482,-0.185550223,0.796364501,0.126965586,-1.515110802,1.883965184,-0.233307508,-0.07326831,0,0,0,0,0,0,0,0,0,0,1,0,0,0,0,0,0,1.549687908
4,4,0.26389482,-0.185550223,0.796364501,0.126965586,-0.601476315,0.534411084,1.27514062,-0.07326831,0,0,0,0,0,0,0,0,0,0,1,0,0,0,0,0,0,2.117459609
7,4,0.26389482,-0.185550223,0.796364501,0.126965586,0.294919785,-0.079022598,-0.233307508,-0.07326831,0,0,0,0,0,0,0,0,0,0,1,0,0,0,0,0,0,1.10856262
7,4,0.26389482,-0.185550223,0.796364501,0.126965586,0.157012693,0.166350875,-0.736123551,-0.07326831,0,0,0,0,0,0,0,0,0,0,1,0,0,0,0,0,0,1.00063188
7,4,0.26389482,-0.185550223,0.796364501,0.126965586,-0.032609559,0.350380979,-1.015465797,-0.07326831,0,0,0,0,0,0,0,0,0,0,1,0,0,0,0,0,0,1.941615225
4,4,0.26389482,-0.185550223,0.796364501,0.126965586,0.329396558,-0.569769543,0.492982331,-0.07326831,0,0,0,0,0,0,0,0,0,0,1,0,0,0,0,0,0,2.643333886
4,4,0.26389482,-0.185550223,0.796364501,0.126965586,0.329396558,-0.569769543,0.492982331,-0.07326831,0,0,0,0,0,0,0,0,0,0,1,0,0,0,0,0,0,0.815364813
6,3,0.336427315,0.173911768,0.975522339,0.258687073,-0.515284382,0.65709782,-0.233307508,-0.07326831,0,0,0,0,0,0,0,0,0,0,1,0,0,0,0,0,0,0
6,3,0.336427315,0.173911768,0.975522339,0.258687073,0.139774306,-0.324396071,-0.736123551,-0.07326831,0,0,0,0,0,0,0,0,0,0,1,0,0,0,0,0,0,0
1,4,0.336427315,0.173911768,0.975522339,0.258687073,0.381111718,-0.324396071,-1.015465797,-0.07326831,0,0,0,0,0,0,0,0,0,0,1,0,0,0,0,0,0,2.210469804
6,5,0.336427315,0.173911768,0.975522339,0.258687073,-0.084324719,-0.140365966,-1.015465797,-0.07326831,0,0,0,0,0,0,0,0,0,0,1,0,0,0,0,0,0,0.737164066
4,3,0.336427315,0.173911768,0.975522339,0.258687073,-0.273946971,0.043664138,-0.009833712,-0.07326831,0,0,0,0,0,0,0,0,0,0,1,0,0,0,0,0,0,1.597365331
7,4,-0.443297,-0.870090884,0.743908378,0.566037209,-0.635953088,1.209188134,-0.512649754,-0.07326831,0,0,0,0,0,0,0,0,0,0,1,0,0,0,0,0,0,0.418710335
4,3,0.227628573,0.012935311,0.897241662,-0.553595431,-0.515284382,0.534411084,-1.015465797,-0.07326831,0,0,0,0,0,0,0,0,0,0,1,0,0,0,0,1,0,1.368639426
6,5,0.227628573,0.012935311,0.897241662,-0.553595431,0.381111718,-0.569769543,-0.736123551,-0.07326831,0,0,0,0,0,0,0,0,0,0,1,0,0,0,0,1,0,1.894616855
6,5,0.227628573,0.012935311,0.897241662,-0.553595431,0.12253592,0.043664138,-0.512649754,-0.07326831,0,0,0,0,0,0,0,0,0,0,1,0,0,0,0,1,0,3.04594999
4,5,0.082563584,0.334888225,1.065908275,0.76361944,-0.515284382,-0.385739439,0.772324577,-0.07326831,0,0,0,0,0,0,0,0,0,0,1,0,0,0,0,1,0,1.011600912
4,5,0.082563584,0.334888225,1.065908275,0.76361944,-0.42909245,-1.060516489,-0.233307508,-0.07326831,0,0,0,0,0,0,0,0,0,0,1,0,0,0,0,1,0,0
6,5,0.100696708,-0.259005499,0.792732923,-0.136477389,-0.360138904,0.166350875,0.492982331,-0.07326831,0,0,0,0,0,0,0,0,0,0,1,0,1,0,0,0,0,2.613006652
4,5,0.06443046,2.585432865,1.118364398,-0.421873944,-0.8772905,2.00665192,2.00143046,-0.07326831,0,0,0,0,0,0,0,0,0,0,1,0,0,1,0,0,0,0
7,4,0.06443046,2.585432865,1.118364398,-0.421873944,-0.8772905,2.00665192,2.00143046,-0.07326831,0,0,0,0,0,0,0,0,0,0,1,0,0,1,0,0,0,2.489894191
3,4,0.227628573,0.355205642,-0.110722928,-0.224291713,-0.808336954,0.841127925,-0.009833712,-0.07326831,0,0,0,0,1,0,0,0,0,0,0,0,0,0,0,0,1,0
4,5,0.245761696,1.442968885,0.470329518,-0.202338132,-1.463395643,1.883965184,-1.741755637,-0.07326831,1,0,0,0,0,0,0,0,0,0,0,0,0,1,0,0,0,0
5,4,0.753489157,1.743041503,0.607925965,1.070969576,0.243204626,-0.140365966,-0.736123551,-0.07326831,1,0,0,0,0,0,0,0,0,0,0,0,0,0,1,0,0,0
6,5,-0.062501405,2.799547182,1.240224008,-0.3560132,-1.480634029,2.067995288,-0.009833712,-0.07326831,0,0,0,0,0,0,0,0,0,0,1,0,0,0,0,0,0,2.960105096
6,5,0.100696708,-0.259005499,0.792732923,-0.136477389,-0.601476315,0.779784556,0.492982331,-0.07326831,0,0,0,0,0,0,0,0,0,0,1,0,1,0,0,0,0,3.697591395
8,6,0.26389482,1.502358257,0.503013718,-0.180384551,0.381111718,0.595754452,-1.015465797,-0.07326831,1,0,0,0,0,0,0,0,0,0,0,1,0,0,0,0,0,0
2,2,0.554024798,1.879011909,0.674504891,-0.136477389,0.51901881,-0.140365966,-1.015465797,-0.07326831,1,0,0,0,0,0,0,0,0,0,0,0,1,0,0,0,0,5.168379509
6,5,0.046297337,-1.437415679,-2.087511768,-0.224291713,-1.756448214,0.411724347,0.995798374,-0.07326831,0,0,0,0,0,0,1,0,0,0,0,0,0,0,1,0,0,0
4,5,-13.0458179,-1.715608003,-1.519371599,-1.980578208,-2.359791743,3.417549388,-1.741755637,-0.07326831,0,0,0,1,0,0,0,0,0,0,0,0,0,1,0,0,0,0
5,4,0.554024798,-0.149604024,-0.35968776,0.631897953,0.07082076,-0.324396071,1.777956663,-0.07326831,0,0,0,0,1,0,0,0,0,0,0,0,0,0,0,0,1,2.16676537
8,6,0.01003109,1.300746966,0.38357516,-0.487734688,-0.463569223,1.147844765,-0.736123551,-0.07326831,1,0,0,0,0,0,0,0,0,0,0,0,0,0,1,0,0,2.852439104
8,6,0.826021652,1.669586227,0.573224222,1.971066405,1.605037163,-0.937829753,-1.238939594,-0.07326831,1,0,0,0,0,0,0,0,0,0,0,0,0,0,0,0,1,1.925707442
9,6,0.173229202,2.149389841,0.830662736,-0.597502594,0.277681399,0.841127925,-0.736123551,-0.07326831,1,0,0,0,0,0,0,0,0,0,0,0,0,0,1,0,0,3.781230715
8,4,0.173229202,2.54636091,1.09415388,-0.290152457,0.415588491,-0.01767923,0.269508534,-0.07326831,1,0,0,0,0,0,0,0,0,0,0,0,1,0,0,0,0,2.578700529
2,4,0.173229202,1.100698554,0.262522567,-0.312106038,0.346634945,0.350380979,-1.015465797,-0.07326831,1,0,0,0,0,0,0,0,0,0,0,0,0,1,0,0,0,2.833213344
3,4,-0.026235158,-0.221496422,0.817346951,0.522130047,0.294919785,0.65709782,0.772324577,-0.07326831,0,0,0,0,0,0,0,0,0,0,1,0,0,1,0,0,0,3.24220165
5,5,0.046297337,-1.437415679,-2.087511768,-0.224291713,-1.256535004,0.227694243,0.772324577,-0.07326831,0,0,0,0,0,0,1,0,0,0,0,0,0,0,1,0,0,0
6,4,0.753489157,1.814933902,0.640610165,0.653851534,0.760356222,-0.631112912,-0.512649754,-0.07326831,1,0,0,0,0,0,0,0,0,0,0,0,0,0,0,0,0,3.392492941
7,4,0.753489157,1.814933902,0.640610165,0.653851534,0.760356222,-0.631112912,-0.512649754,-0.07326831,1,0,0,0,0,0,0,0,0,0,0,0,0,0,0,0,0,0
7,4,-1.077956327,-1.584326232,-1.975739874,-1.08048138,-1.963308853,1.638591711,1.27514062,-0.07326831,0,0,1,0,0,0,0,0,0,0,0,1,0,0,0,0,0,2.394252282
8,6,0.082563584,-0.305891846,0.767311879,-0.399920363,0.312158172,0.105007506,-0.736123551,-0.07326831,0,0,0,0,0,0,0,0,0,0,1,0,0,0,0,0,0,3.439776864
1,3,0.06443046,2.585432865,1.118364398,-0.421873944,0.51901881,-0.079022598,-0.009833712,-0.07326831,0,0,0,0,0,0,0,0,0,0,1,0,0,1,0,0,0,4.273327218
2,4,0.499625427,-1.49836793,-2.107687201,0.522130047,-0.635953088,-1.551263434,2.00143046,-0.07326831,0,0,0,0,0,0,1,0,0,0,0,0,0,0,0,1,0,0
6,5,-1.186755068,-1.660907265,-2.022546877,-1.497599422,-2.342553357,1.454561606,-1.238939594,-0.07326831,0,0,1,0,0,0,0,0,0,0,0,1,0,0,0,0,0,0
4,5,-1.023556956,-1.592140623,-1.981388995,-1.212202867,-1.515110802,1.086501397,-1.238939594,-0.07326831,0,0,1,0,0,0,0,0,0,0,0,0,0,1,0,0,0,3.966132331
4,3,-0.026235158,-0.221496422,0.817346951,0.522130047,0.260443012,0.65709782,0.492982331,-0.07326831,0,0,0,0,0,0,0,0,0,0,1,0,0,1,0,0,0,1.534714366
5,6,0.173229202,1.100698554,0.262522567,-0.312106038,0.932740088,-0.69245628,-0.233307508,-0.07326831,1,0,0,0,0,0,0,0,0,0,0,0,0,1,0,0,0,1.532556868
1,2,0.554024798,1.879011909,0.674504891,-0.136477389,1.208554272,-0.753799648,-0.512649754,-0.07326831,1,0,0,0,0,0,0,0,0,0,0,0,1,0,0,0,0,0
9,5,0.481492303,-0.959174943,-1.009740184,1.092923158,1.57056039,-0.631112912,0.269508534,-0.07326831,0,0,0,0,0,1,0,0,0,0,0,0,0,0,0,0,1,0
9,5,0.481492303,-0.959174943,-1.009740184,1.092923158,1.57056039,-0.631112912,0.269508534,-0.07326831,0,0,0,0,0,1,0,0,0,0,0,0,0,0,0,0,1,2.214846179
3,4,0.082563584,-0.354341071,0.741487326,-0.15843097,0.674164289,0.105007506,-0.009833712,-0.07326831,0,0,0,0,0,0,0,0,0,0,1,0,0,0,1,0,0,1.78339122
9,9,0.753489157,1.814933902,0.640610165,0.653851534,1.053408794,-0.508426175,-0.009833712,-0.07326831,1,0,0,0,0,0,0,0,0,0,0,0,0,0,0,0,0,0
8,6,0.01003109,1.300746966,0.38357516,-0.487734688,0.415588491,-0.201709334,-0.233307508,-0.07326831,1,0,0,0,0,0,0,0,0,0,0,0,0,0,1,0,0,0
2,4,-0.497696371,-0.407478931,0.714855755,-1.168295704,0.501780424,-0.631112912,-1.015465797,-0.07326831,0,0,0,0,0,0,0,0,0,0,1,0,0,0,0,0,1,1.95160817
2,2,0.71722291,1.582065046,0.536504935,0.105012004,1.553322003,-1.060516489,-1.015465797,-0.07326831,1,0,0,0,0,0,0,0,0,0,0,0,0,0,0,1,0,0
6,5,-0.64276136,2.819864599,1.261609966,-1.102434961,-0.32566213,1.393218238,0.492982331,-0.07326831,0,0,0,0,0,0,0,0,0,0,1,0,1,0,0,0,0,1.599387577
4,5,-1.077956327,-1.604643649,-1.98905566,-1.343924354,-0.808336954,0.105007506,-0.009833712,-0.07326831,0,0,1,0,0,0,0,0,0,0,0,0,1,0,0,0,0,0
4,3,-0.062501405,2.799547182,1.240224008,-0.3560132,0.17425108,-0.01767923,-0.512649754,-0.07326831,0,0,0,0,0,0,0,0,0,0,1,0,0,0,0,0,0,2.174751721
1,4,0.300161067,-0.229310813,-0.394389504,0.675805115,0.777594609,-0.815143016,0.772324577,-0.07326831,0,0,0,0,1,0,0,0,0,0,0,0,0,0,0,1,0,0
6,3,-1.186755068,-1.618709553,-1.99793285,-1.387831516,-0.722145021,-0.140365966,-0.736123551,-0.07326831,0,0,1,0,0,0,0,0,0,0,0,0,0,0,0,0,0,0
7,4,-1.09608945,-1.68278756,-2.035055645,-1.256110029,-1.842640147,0.534411084,3.007062545,-0.07326831,0,0,1,0,0,0,0,0,0,0,0,0,0,0,0,0,0,1.726331664
9,4,0.300161067,-0.29338882,-0.427073704,0.170872748,0.674164289,-1.060516489,0.269508534,-0.07326831,0,0,0,0,1,0,0,0,0,0,0,1,0,0,0,0,0,0.966983846
7,5,0.554024798,1.879011909,0.674504891,-0.136477389,1.294746205,-0.69245628,-0.233307508,-0.07326831,1,0,0,0,0,0,0,0,0,0,0,0,1,0,0,0,0,0
5,4,0.535891674,1.941527038,0.706785583,0.236733491,0.898263315,0.350380979,-0.009833712,-0.07326831,1,0,0,0,0,0,0,0,0,0,0,0,0,1,0,0,0,0
8,6,0.753489157,1.743041503,0.607925965,1.070969576,1.484368457,-1.060516489,0.492982331,-0.07326831,1,0,0,0,0,0,0,0,0,0,0,0,0,0,1,0,0,6.616439948
6,3,0.372693562,0.8318835,0.112417352,-0.026709483,1.277507819,-0.324396071,-0.512649754,-0.07326831,0,0,0,0,1,0,0,0,0,0,0,0,0,0,0,1,0,2.081938422
6,5,0.499625427,-1.462421731,-2.096792467,0.192826329,-0.8772905,-1.244546593,0.995798374,-0.07326831,0,0,0,0,0,0,1,0,0,0,0,0,0,0,0,0,1,0
2,4,0.245761696,1.442968885,0.470329518,-0.202338132,1.036170407,-0.140365966,0.772324577,-0.07326831,1,0,0,0,0,0,0,0,0,0,0,0,0,1,0,0,0,1.235471471
2,5,0.173229202,1.100698554,0.262522567,-0.312106038,1.01893202,-0.508426175,-0.009833712,-0.07326831,1,0,0,0,0,0,0,0,0,0,0,0,0,1,0,0,0,1.398716881
8,8,0.191362326,1.258549254,0.354926046,-0.268198876,1.260269432,-0.508426175,0.269508534,-0.07326831,1,0,0,0,0,0,0,0,0,0,0,0,0,0,0,0,1,5.22982437
2,4,0.826021652,1.669586227,0.573224222,1.971066405,2.053235213,-1.551263434,0.269508534,-0.07326831,1,0,0,0,0,0,0,0,0,0,0,0,0,0,0,0,1,0
8,6,-0.316365135,2.37913294,1.000539874,-0.838991987,1.794659415,-1.060516489,-0.233307508,-0.07326831,0,0,0,0,1,0,0,0,0,0,0,0,0,1,0,0,0,1.987874348
1,3,0.100696708,-0.259005499,0.792732923,-0.136477389,0.587972357,0.227694243,-0.009833712,-0.07326831,0,0,0,0,0,0,0,0,0,0,1,0,1,0,0,0,0,0.542324291
8,6,0.554024798,1.879011909,0.674504891,-0.136477389,1.380938138,-0.815143016,-0.233307508,-0.07326831,1,0,0,0,0,0,0,0,0,0,0,0,1,0,0,0,0,1.785070481
2,2,0.173229202,2.149389841,0.830662736,-0.597502594,0.260443012,0.718441188,-1.015465797,-0.07326831,1,0,0,0,0,0,0,0,0,0,0,0,0,0,1,0,0,0
8,6,0.173229202,2.149389841,0.830662736,-0.597502594,0.260443012,0.718441188,-1.015465797,-0.07326831,1,0,0,0,0,0,0,0,0,0,0,0,0,0,1,0,0,0
2,4,0.26389482,1.502358257,0.503013718,-0.180384551,1.553322003,-0.69245628,-1.015465797,-0.07326831,1,0,0,0,0,0,0,0,0,0,0,1,0,0,0,0,0,1.208960346
1,3,0.753489157,1.743041503,0.607925965,1.070969576,1.260269432,-0.631112912,0.995798374,-0.07326831,1,0,0,0,0,0,0,0,0,0,0,0,0,0,1,0,0,0
3,4,0.173229202,1.100698554,0.262522567,-0.312106038,0.984455247,-0.01767923,-0.009833712,-0.07326831,1,0,0,0,0,0,0,0,0,0,0,0,0,1,0,0,0,1.435084525
7,4,-0.171300146,2.755786591,1.21601349,-0.487734688,0.088059147,0.043664138,-0.233307508,-0.07326831,0,0,0,0,0,0,0,0,0,0,1,0,0,0,1,0,0,0
1,3,0.26389482,1.049123573,0.231452401,0.126965586,0.760356222,-0.263052703,-0.009833712,-0.07326831,1,0,0,0,0,0,0,0,0,0,0,0,1,0,0,0,0,1.996059933
8,6,0.753489157,1.743041503,0.607925965,1.070969576,0.863786541,-0.385739439,1.498614417,-0.07326831,1,0,0,0,0,0,0,0,0,0,0,0,0,0,1,0,0,0
2,4,0.535891674,1.941527038,0.706785583,0.236733491,0.346634945,1.33187487,0.492982331,-0.07326831,1,0,0,0,0,0,0,0,0,0,0,0,0,1,0,0,0,2.793616089
1,4,-0.008102034,2.483845781,1.062276697,-0.773131243,0.57073397,0.043664138,-0.233307508,-0.07326831,1,0,0,0,0,0,0,0,0,0,0,0,0,0,0,0,0,0
2,5,0.028164213,-0.409041809,-0.691371865,-0.751177662,0.846548155,0.411724347,-1.238939594,-0.07326831,0,0,0,0,1,0,0,0,0,0,0,0,1,0,0,0,0,0
8,6,0.26389482,1.502358257,0.503013718,-0.180384551,1.363699751,-0.569769543,-1.51828184,-0.07326831,1,0,0,0,0,0,0,0,0,0,0,1,0,0,0,0,0,0.431782416
8,6,-0.225699517,2.230659509,0.889574998,0.148919167,-0.808336954,1.761278447,-0.736123551,-0.07326831,1,0,0,0,0,0,0,0,0,0,0,0,1,0,0,0,0,0
2,5,0.554024798,1.879011909,0.674504891,-0.136477389,0.812071382,0.534411084,-0.009833712,-0.07326831,1,0,0,0,0,0,0,0,0,0,0,0,1,0,0,0,0,2.005525859
1,3,0.082563584,-0.305891846,0.767311879,-0.399920363,0.036343987,0.105007506,-1.015465797,-0.07326831,0,0,0,0,0,0,0,0,0,0,1,0,0,0,0,0,0,0.285178942
5,4,-0.062501405,2.799547182,1.240224008,-0.3560132,-0.463569223,0.841127925,-0.233307508,-0.07326831,0,0,0,0,0,0,0,0,0,0,1,0,0,0,0,0,0,0
8,6,0.26389482,1.502358257,0.503013718,-0.180384551,1.139600726,-0.937829753,-1.238939594,-0.07326831,1,0,0,0,0,0,0,0,0,0,0,1,0,0,0,0,0,0.802001585
6,5,-0.497696371,-1.343642986,-2.043125818,-1.168295704,-1.37720371,1.209188134,-0.512649754,-0.07326831,0,0,0,0,0,0,0,0,0,0,0,1,0,0,0,0,0,1.470175845
1,2,0.01003109,-0.468431181,-0.724863082,1.707623431,-0.704906635,2.067995288,2.224904257,-0.07326831,0,0,0,0,1,0,0,0,0,0,0,0,0,0,0,0,0,0
2,5,-0.062501405,2.799547182,1.240224008,-0.3560132,-0.463569223,0.841127925,-0.233307508,-0.07326831,0,0,0,0,0,0,0,0,0,0,1,0,0,0,0,0,0,2.394252282
5,5,0.608424169,-0.984180995,-1.80465221,0.368454979,-0.273946971,2.190682024,0.269508534,-0.07326831,1,0,0,0,0,0,0,0,0,0,0,0,0,1,0,0,0,0
6,5,0.245761696,1.442968885,0.470329518,-0.202338132,0.036343987,1.577248343,-1.015465797,-0.07326831,1,0,0,0,0,0,0,0,0,0,0,0,0,1,0,0,0,0
3,4,0.499625427,-1.462421731,-2.096792467,0.192826329,-1.721971441,-0.569769543,2.224904257,-0.07326831,0,0,0,0,0,0,1,0,0,0,0,0,0,0,0,0,1,0
7,4,-0.171300146,2.719840392,1.194627532,0.236733491,-1.446157256,2.00665192,-0.009833712,-0.07326831,0,0,0,0,0,0,0,0,0,0,1,0,0,0,0,0,1,0
7,4,0.173229202,1.100698554,0.262522567,-0.312106038,0.07082076,1.025158029,0.492982331,-0.07326831,1,0,0,0,0,0,0,0,0,0,0,0,0,1,0,0,0,0
4,5,0.826021652,1.669586227,0.573224222,1.971066405,0.777594609,0.289037611,0.772324577,-0.07326831,1,0,0,0,0,0,0,0,0,0,0,0,0,0,0,0,1,2.005525859
1,4,-0.026235158,1.342944678,0.411417256,1.597855525,-1.222058231,2.68142897,0.492982331,-0.07326831,1,0,0,0,0,0,0,0,0,0,0,0,0,0,0,0,0,2.371177884
7,4,0.155096078,1.989976262,0.737048731,-0.334059619,-0.204993425,1.270531502,-0.009833712,-0.07326831,1,0,0,0,0,0,0,0,0,0,0,1,0,0,0,0,0,0
4,5,-0.225699517,2.427582165,1.030399514,-0.751177662,-0.256708584,0.595754452,-0.512649754,-0.07326831,1,0,0,0,0,0,0,0,0,0,0,0,0,0,1,0,0,0
3,4,0.173229202,2.149389841,0.830662736,-0.597502594,-0.360138904,0.718441188,-0.512649754,-0.07326831,1,0,0,0,0,0,0,0,0,0,0,0,0,0,1,0,0,0
3,4,0.71722291,0.767805493,0.077715608,1.68566985,-0.170516651,0.227694243,-0.736123551,-0.07326831,0,0,0,0,1,0,0,0,0,0,0,1,0,0,0,0,0,0
2,4,0.173229202,2.149389841,0.830662736,-0.597502594,-0.394615677,0.902471293,-0.736123551,-0.07326831,1,0,0,0,0,0,0,0,0,0,0,0,0,0,1,0,0,0
1,4,0.191362326,1.258549254,0.354926046,-0.268198876,0.17425108,0.350380979,-0.009833712,-0.07326831,1,0,0,0,0,0,0,0,0,0,0,0,0,0,0,0,1,4.427836171
8,6,0.554024798,1.879011909,0.674504891,-0.136477389,0.001867214,1.209188134,0.492982331,-0.07326831,1,0,0,0,0,0,0,0,0,0,0,0,1,0,0,0,0,1.463255402
7,4,0.173229202,2.54636091,1.09415388,-0.290152457,-0.584237929,1.699935079,2.224904257,-0.07326831,1,0,0,0,0,0,0,0,0,0,0,0,1,0,0,0,0,1.078409581
2,5,0.554024798,1.879011909,0.674504891,-0.136477389,0.001867214,1.209188134,0.492982331,-0.07326831,1,0,0,0,0,0,0,0,0,0,0,0,1,0,0,0,0,0
8,6,0.554024798,1.879011909,0.674504891,-0.136477389,0.001867214,1.209188134,0.492982331,-0.07326831,1,0,0,0,0,0,0,0,0,0,0,0,1,0,0,0,0,0
1,4,0.06443046,2.585432865,1.118364398,-0.421873944,-0.756621794,1.945308552,2.00143046,-0.07326831,0,0,0,0,0,0,0,0,0,0,1,0,0,1,0,0,0,1.549687908
6,5,-2.818736192,-1.664033021,-2.145617013,-1.563460166,-2.463222063,2.313368761,1.27514062,-0.07326831,0,0,1,0,0,0,0,0,0,0,0,0,0,0,0,1,0,1.854734268
6,4,-2.818736192,-1.664033021,-2.145617013,-1.563460166,-2.37703013,2.00665192,0.772324577,-0.07326831,0,0,1,0,0,0,0,0,0,0,0,0,0,0,0,1,0,1.1442228
2,2,-2.020878754,-1.676536047,-2.149248591,-1.585413747,-2.463222063,0.902471293,-1.741755637,-0.07326831,0,0,1,0,0,0,0,0,0,0,0,0,1,0,0,0,0,2.059238834
6,5,-0.624628236,-1.496805052,-2.062090724,-0.421873944,-1.497872416,0.043664138,0.995798374,-0.07326831,0,0,0,0,0,0,1,0,0,0,0,1,0,0,0,0,0,1.430311247
3,4,-0.080634528,-1.443667192,-2.045143361,-0.377966782,-1.32548855,-0.201709334,0.772324577,-0.07326831,0,0,0,0,0,0,1,0,0,0,0,0,0,0,0,0,1,1.87946505
6,5,0.118829831,-1.410846749,-2.035459153,-0.114523807,-0.963482433,-1.060516489,-0.233307508,-0.07326831,0,0,0,0,0,0,1,0,0,0,0,0,0,0,1,0,0,2.029463172
6,3,0.06443046,-1.504619443,-2.107687201,0.719712278,-0.894528887,-0.69245628,3.007062545,-0.07326831,0,0,0,0,0,0,0,0,0,0,0,0,0,1,0,0,0,4.129228964
5,4,0.06443046,-1.504619443,-2.107687201,0.719712278,-0.222231811,-1.060516489,0.995798374,-0.07326831,0,0,0,0,0,0,0,0,0,0,0,0,0,1,0,0,0,0
4,3,-0.18943327,-1.335828595,-1.913599543,-0.729224081,-0.153278265,-0.263052703,-0.009833712,-0.07326831,0,0,0,0,0,0,0,1,0,0,0,0,0,0,0,0,0,3.675794215
8,3,-0.443297,-0.229310813,-1.286950621,-0.948759892,-0.791098567,2.129338656,-0.009833712,-0.07326831,0,0,0,0,0,1,0,0,0,0,0,1,0,0,0,0,0,1.078409581
9,4,-0.026235158,-0.777881069,-1.191722582,0.083058423,0.967216861,0.350380979,-0.512649754,-0.07326831,0,0,0,0,0,1,0,0,0,0,0,0,1,0,0,0,0,4.267176793
4,3,0.427092933,-0.110532068,-0.933073542,0.39040856,1.294746205,-0.569769543,-0.736123551,-0.07326831,0,0,0,0,0,1,0,0,0,0,0,0,0,0,1,0,0,2.405141681
2,5,0.554024798,0.169223133,-0.797898146,1.971066405,0.656925903,-0.263052703,3.007062545,-0.07326831,0,0,0,0,0,1,0,0,0,0,0,0,0,0,1,0,0,1.432700734
4,3,0.517758551,-0.399664539,-0.617126274,0.192826329,1.432653298,-0.999173121,-1.51828184,-0.07326831,0,0,0,0,1,0,0,0,0,0,0,0,0,0,1,0,0,1.01523068
4,3,0.554024798,-0.149604024,-0.50252982,1.246598226,1.243031046,0.043664138,-0.009833712,-0.07326831,0,0,0,0,1,0,0,0,0,0,0,0,0,1,0,0,0,2.123458427
7,4,0.554024798,-0.149604024,-0.50252982,1.246598226,-0.118801492,2.313368761,0.269508534,-0.07326831,0,0,0,0,1,0,0,0,0,0,0,0,0,1,0,0,0,1.166270937
7,4,-0.261965764,-0.10896919,-0.469442111,-0.575549012,0.639687516,0.779784556,0.492982331,-0.07326831,0,0,0,0,1,0,0,0,0,0,0,1,0,0,0,0,0,5.633109621
9,9,0.46335918,0.055133023,0.048662986,0.105012004,1.949804894,-1.183203225,0.269508534,-0.07326831,0,0,0,0,1,0,0,0,0,0,0,0,0,0,1,0,0,1.32175584
4,3,0.46335918,0.055133023,0.048662986,0.105012004,1.949804894,-1.36723333,0.492982331,-0.07326831,0,0,0,0,1,0,0,0,0,0,0,0,0,0,1,0,0,0
3,4,0.771622281,0.303630661,0.158013828,1.114876739,0.777594609,-0.263052703,0.995798374,-0.07326831,1,0,0,0,0,0,0,0,0,0,0,0,0,1,0,0,0,0.828551818
8,6,0.771622281,0.303630661,0.158013828,1.114876739,2.087711986,-1.060516489,0.772324577,-0.07326831,1,0,0,0,0,0,0,0,0,0,0,0,0,1,0,0,0,0
2,5,0.771622281,0.303630661,0.158013828,1.114876739,2.449718104,-1.183203225,-0.009833712,-0.07326831,1,0,0,0,0,0,0,0,0,0,0,0,0,1,0,0,0,3.311637305
2,4,0.789755405,0.384900328,0.195136624,2.695534584,2.01875844,-0.999173121,-0.233307508,-0.07326831,1,0,0,0,0,0,0,0,0,0,0,1,0,0,0,0,0,1.121677562
5,4,0.807888528,0.475547265,0.233469945,1.905205661,0.898263315,-0.079022598,1.27514062,-0.07326831,1,0,0,0,0,0,0,0,0,0,0,0,0,0,0,1,0,1.098612289
5,4,0.807888528,0.475547265,0.233469945,1.905205661,1.294746205,-0.631112912,-0.233307508,-0.07326831,1,0,0,0,0,0,0,0,0,0,0,0,0,0,0,1,0,2.856470206
4,4,0.807888528,0.475547265,0.233469945,1.905205661,0.088059147,1.638591711,2.00143046,-0.07326831,1,0,0,0,0,0,0,0,0,0,0,0,0,0,0,1,0,3.864931398
4,4,0.807888528,0.475547265,0.233469945,1.905205661,0.294919785,0.841127925,-1.51828184,-0.07326831,1,0,0,0,0,0,0,0,0,0,0,0,0,0,0,0,1,0
4,4,0.807888528,0.475547265,0.233469945,1.905205661,1.691229096,-0.69245628,-0.009833712,-0.07326831,1,0,0,0,0,0,0,0,0,0,0,0,0,0,0,0,1,0
4,4,0.934820393,0.642775235,0.307312026,1.049015995,2.329049398,-1.428576698,0.269508534,-0.07326831,1,0,0,0,0,0,0,0,0,0,0,0,0,0,1,0,0,0
1,3,0.952953517,0.736547928,0.345645347,0.500176466,2.329049398,-1.060516489,-1.015465797,-0.07326831,1,0,0,0,0,0,0,0,0,0,0,0,0,0,0,0,0,0
1,3,0.952953517,0.736547928,0.345645347,0.500176466,1.484368457,-0.937829753,0.269508534,-0.07326831,1,0,0,0,0,0,0,0,0,0,0,0,0,0,0,0,0,3.791436042
6,6,0.971086641,0.830320622,0.38357516,1.092923158,2.053235213,-0.876486384,0.492982331,-0.07326831,1,0,0,0,0,0,0,0,0,0,0,0,1,0,0,0,0,2.260720889
6,6,1.007352888,1.010051617,0.459434785,1.707623431,0.863786541,-0.140365966,-1.015465797,-0.07326831,1,0,0,0,0,0,0,0,0,0,0,1,0,0,0,0,0,0
4,5,1.007352888,1.010051617,0.459434785,1.707623431,2.363526171,-1.121859857,-0.512649754,-0.07326831,1,0,0,0,0,0,0,0,0,0,0,1,0,0,0,0,0,1.327075001
3,4,0.989219764,1.097572798,0.497364597,1.158783901,2.311811012,-1.060516489,-1.015465797,-0.07326831,1,0,0,0,0,0,0,0,0,0,0,0,0,0,0,1,0,2.752386015
6,5,0.989219764,1.097572798,0.497364597,1.158783901,2.484194877,-1.121859857,-0.736123551,-0.07326831,1,0,0,0,0,0,0,0,0,0,0,0,0,0,0,1,0,3.726656818
7,5,0.989219764,1.097572798,0.497364597,1.158783901,1.449891684,1.147844765,0.492982331,21.57228372,1,0,0,0,0,0,0,0,0,0,0,0,0,0,0,1,0,2.469793012
8,6,0.989219764,1.097572798,0.497364597,1.158783901,0.467303651,1.270531502,0.492982331,2.632425694,1,0,0,0,0,0,0,0,0,0,0,0,0,0,0,1,0,0
7,5,0.989219764,1.097572798,0.497364597,1.158783901,0.467303651,1.270531502,0.492982331,2.632425694,1,0,0,0,0,0,0,0,0,0,0,0,0,0,0,1,0,0
4,4,0.989219764,1.097572798,0.497364597,1.158783901,0.312158172,1.515904974,0.492982331,1.279578692,1,0,0,0,0,0,0,0,0,0,0,0,0,0,0,1,0,0
2,4,0.699089787,0.445852579,0.569592644,2.410138029,1.777421029,-0.876486384,0.492982331,-0.07326831,1,0,0,0,0,0,0,0,0,0,0,0,0,0,0,0,1,1.08180517
4,3,0.699089787,0.445852579,0.569592644,2.410138029,1.725705869,-0.937829753,0.492982331,-0.07326831,1,0,0,0,0,0,0,0,0,0,0,0,0,0,0,0,1,3.923753928
1,2,0.06443046,0.817817596,0.792732923,0.236733491,1.346461365,-0.569769543,-1.238939594,-0.07326831,1,0,0,0,0,0,0,0,0,0,0,0,0,0,1,0,0,1.916922612
1,2,0.06443046,0.87564409,0.825820632,-0.421873944,-0.067086332,1.761278447,2.504246503,-0.07326831,1,0,0,0,0,0,0,0,0,0,0,0,0,0,0,0,0,0
2,4,0.06443046,0.87564409,0.825820632,-0.421873944,1.208554272,-0.201709334,-0.233307508,-0.07326831,1,0,0,0,0,0,0,0,0,0,0,0,0,0,0,0,0,0
1,2,0.06443046,0.87564409,0.825820632,-0.421873944,1.208554272,-0.201709334,-0.233307508,-0.07326831,1,0,0,0,0,0,0,0,0,0,0,0,0,0,0,0,0,0
5,4,0.06443046,0.87564409,0.825820632,-0.421873944,0.381111718,1.638591711,2.00143046,4.661696196,1,0,0,0,0,0,0,0,0,0,0,0,0,0,0,0,0,1.153731588
6,5,0.06443046,0.87564409,0.825820632,-0.421873944,-0.118801492,1.086501397,0.772324577,-0.07326831,1,0,0,0,0,0,0,0,0,0,0,0,0,0,0,0,0,0.357674444
8,6,-1.640083158,-0.846647711,0.474768113,-1.563460166,1.536083617,-0.569769543,-0.736123551,-0.07326831,1,0,0,0,0,0,0,0,0,0,0,0,0,1,0,0,0,0
4,3,-1.640083158,-0.846647711,0.474768113,-1.563460166,1.536083617,-0.753799648,-0.736123551,-0.07326831,1,0,0,0,0,0,0,0,0,0,0,0,0,1,0,0,0,2.006870849
2,4,-1.640083158,-0.846647711,0.474768113,-1.563460166,0.51901881,1.638591711,0.995798374,-0.07326831,1,0,0,0,0,0,0,0,0,0,0,0,0,1,0,0,0,4.01259206
7,4,-1.640083158,-0.846647711,0.474768113,-1.563460166,0.398350105,1.577248343,1.498614417,-0.07326831,1,0,0,0,0,0,0,0,0,0,0,0,0,1,0,0,0,2.498151877
1,4,0.680956663,0.549002541,0.269382214,0.500176466,1.156839113,-0.140365966,-0.009833712,-0.07326831,1,0,0,0,0,0,0,0,0,0,0,0,1,0,0,0,0,0
6,3,-2.020878754,-1.685913316,-1.780441691,-1.739088815,-1.222058231,-0.815143016,0.269508534,-0.07326831,0,0,0,0,0,0,0,0,1,0,0,0,0,0,0,1,0,0
